bump_left,bump_front_left,bump_front_center,bump_front_right,bump_right,linear_acceleration.x,linear_acceleration.y,linear_acceleration.z,angular_velocity.x,angular_velocity.y,angular_velocity.z,ir0,ir1,ir2,ir3,ir4,ir5,ir6,mouse_squal,wheel_velocity_left,wheel_velocity_right,odom_theta,Theta-Offset,X-Offset,Y-Offset
1,0,0,0,0,0.678927,-0.407528,0.40685,-0.183904,-0.230634,-0.0490896,249,25,27,23,31,14,18,99,0,0,9.27872,-0.746731,-0.045451,-0.0637916
0,0,0,0,1,-0.0896672,0.527366,-0.448868,0.00811168,0.0522079,-0.598448,26,127,212,1591,2246,2442,1116,112,9.69014,5.97183,119.289,0.560985,-0.0537008,0.0170323
0,0,1,0,0,-1.34211,0.164965,0.0187216,-0.0258608,0.0745378,0.0106957,10,25,26,38,30,17,19,100,3.74648,3.85915,4.24844,-0.124008,0.000106096,0.0169014
1,0,0,0,0,-0.383957,-0.217104,0.615521,0.0145404,0.0422825,0.0415017,222,237,128,28,39,16,24,113,9.69014,9.60563,175.923,-0.0237458,-0.00685108,-0.0450721
0,0,1,0,0,-16.7447,1.03427,3.13768,-0.175058,0.0197377,-0.0162862,33,561,1994,2051,518,3756,208,187,5.21127,5.88732,11.9078,0.242097,0.0174863,-0.0250154
0,0,1,0,0,0.40693,-0.147079,0.0718098,0.0359117,-0.0471847,0.720677,25,369,1107,2447,1371,3755,336,76,5.32394,7.52113,62.0465,-0.245788,0.00394678,0.0277107
1,0,0,0,0,-0.544694,-0.128758,-0.105215,0.00234418,-0.00469373,0.00178229,13,27,76,154,31,14,18,104,1.77465,1.52113,16.9683,0.722047,0.00193036,0.0341955
1,0,0,0,0,0.409078,0.137261,-0.150628,-0.0831657,0.107057,0.00130628,2271,3794,1413,196,90,62,30,78,9.5493,9.23944,-140.409,-0.0743282,-0.0356961,-0.0158907
0,0,0,0,1,-0.218228,0.0113298,0.156435,0.0162147,0.0603184,0.350679,30,58,77,852,3693,1653,2348,104,3.32394,5.43662,-49.9026,-0.561899,-0.0622963,-0.0138206
0,0,1,0,0,0.779761,0.179682,-0.291252,-0.0392014,-0.0350002,0.0305617,21,342,883,2526,3210,3186,292,102,10.7606,10.1127,-164.21,3.31037,-0.00502276,-0.0604735
1,0,0,0,0,-0.00870669,-0.111049,-0.184842,-0.000809016,0.000683549,0.0494627,764,3754,929,182,165,152,84,105,4.56338,4.84507,31.595,0.0910257,-0.0405359,0.0271825
0,0,0,0,1,-0.311664,-0.11701,0.306606,0.0141093,0.0582097,0.0528011,18,28,31,28,27,14,14,86,6.78873,7.29577,170.153,-2.19494,0.00134683,-0.0499538
0,0,1,0,0,-0.647807,-0.243376,-0.179564,0.00559577,0.0500797,-1.46872,308,412,1335,2539,1817,3745,299,78,8.84507,-0.56338,-159.216,-1.68734,0.000296593,-0.0302357
0,0,0,0,1,0.0130476,0.0723919,0.023735,0.0339083,0.0641474,0.0297568,21,45,161,2085,3225,3789,682,98,11.9437,12.169,75.8209,4.90863,-0.155604,0.130839
0,0,1,0,0,-0.591462,0.248943,0.491624,-0.00462927,-0.0193897,0.0500233,19,388,1164,2282,567,3744,155,87,6.8169,6.87324,-167.97,-0.431823,-0.0145612,-0.0161535
0,0,1,0,0,0.105749,-0.0369287,-0.141,0.0193087,-0.0170862,0.0129899,14,22,146,24,30,16,19,87,8.39437,8.4507,164.984,0.649356,-0.0466606,-0.0155244
0,0,0,0,1,0.975801,-0.130356,-0.0516701,-0.0431592,0.0668644,-0.343575,11,28,32,37,56,1186,209,112,10.3099,9.21127,176.603,-0.287634,-0.0538893,0.0019238
0,0,1,0,0,-0.32661,-0.0415362,1.12718,-0.0914565,0.147362,0.0288725,31,159,296,1981,1538,3285,906,112,12.3099,12.338,-68.4646,-0.889356,-0.0608727,-0.0560721
1,0,0,0,0,0.286983,-0.0558359,-0.676281,0.0103067,-0.0258073,0.0703311,421,2402,1050,254,78,54,29,89,11.6901,11.9155,22.4803,-0.370568,-0.184476,0.0299659
0,0,0,0,1,-0.210179,0.106802,0.0731888,0.00716288,0.0403796,0.132876,15,26,31,27,28,16,20,84,-1.07042,-1.77465,2.6075,-0.5479,-0.00413597,0.0157604
1,0,0,0,0,0.164708,0.0391371,-0.275514,0.0398278,-0.0233445,0.0684581,687,3169,2598,2663,896,59,27,81,6.50704,6.61972,57.2152,-0.176866,-0.0158288,0.0348881
1,0,0,0,0,-0.131195,-0.119391,0.569901,-0.0719699,0.00691897,0.0478117,2380,3735,1882,689,1243,3204,2394,89,12.169,12.7042,34.3672,-0.0582849,-2.04077,-0.579853
1,0,0,0,0,-0.404789,-0.688623,-0.388672,-0.00361382,0.0173988,-0.0420092,13,434,35,28,33,27,19,97,6.50704,6.42254,-8.22071,0.100615,-0.00172532,0.00703163
1,0,0,0,0,-0.320698,-0.649997,-0.108715,0.00679539,-0.0793497,-1.49421,2108,3740,1204,157,74,56,28,120,8.08451,1.60563,26.5016,0.100615,0.374181,1.43499
0,0,0,0,0,-0.02985,-0.0231486,0.0143805,0.00466344,0.00287049,-8.00E-06,12,25,27,23,28,11,18,100,0,0,-0.538827,0.100615,1.88959,-1.66272
1,0,0,0,0,-0.209983,0.0620707,0.368161,-0.0547885,0.025883,-0.015449,2132,2991,2509,1089,268,64,59,94,9.49296,9.01408,-50.8658,-1.32051,-0.0659457,-0.0365142
0,0,0,0,1,-0.339424,0.236783,0.00949764,0.0200708,-0.0381338,0.00283283,17,41,63,84,119,1613,24,82,3.40845,3.5493,-119.874,-0.0443954,-0.0184746,0.0312624
0,0,0,0,1,-0.153128,0.238916,0.181993,-0.064199,0.032904,0.0238011,28,109,182,1697,3714,2956,1281,89,6.67606,7.32394,-159.618,-3.03004,-0.0707779,0.10741
0,0,0,0,1,-0.918967,1.09535,0.333701,-0.0162931,0.0160769,0.084098,54,118,185,1649,3768,32,27,65,11.7746,11.831,-69.8622,-1.4305,-0.0838428,-0.0573895
0,0,0,0,1,-0.233328,0.0209252,0.145845,-0.0239448,0.078677,0.00951097,270,373,283,563,1693,3424,2875,106,11.4366,11.5775,-140.02,0.139759,-0.0434493,0.0197074
0,1,0,0,0,-13.4225,0.714371,1.13416,-0.0158688,0.0773647,0.0177165,149,1779,3740,3251,2485,254,97,77,8.14085,8,-92.1194,-0.79071,-0.0478836,0.0233727
0,0,1,0,0,-1.8167,-0.02677,0.727201,0.0296555,0.131451,0.31901,70,968,2531,3447,2477,497,76,75,10.2254,11.5493,7.5385,0.804802,0.0231104,0.0459348
0,0,1,0,0,-0.104145,-0.0575458,-0.112597,-0.00784629,-0.0316944,0.00656474,12,21,24,8,25,14,17,117,7.35211,6.76056,93.2003,-1.46344,8.00E-05,0.01474
1,0,0,0,0,-0.027436,-0.0507073,-0.235974,0.0823824,-0.0754204,0.0419642,10,20,27,32,32,16,19,105,10.169,9.91549,78.0774,0.184294,-0.0189199,0.0135304
0,0,0,0,1,-0.0882444,0.0251077,0.0273666,-0.000616319,-0.0484671,0.0267614,48,111,162,1742,3522,37,30,90,6.47887,6.3662,-52.4811,-0.515621,-0.0109383,-0.067916
1,0,0,0,0,-0.863159,-0.26748,0.169865,0.0246853,-0.0595683,0.0487814,212,1257,244,85,38,22,22,84,4.39437,4.16901,112.489,-2.27792,-0.0174139,0.0302287
1,0,0,0,0,0.0353047,-0.0954235,-0.142163,0.00626459,0.0995614,-0.0260343,2500,3802,1653,149,101,82,43,100,11.2676,11.4085,-48.6553,0.182942,-0.0252944,-0.0260451
0,0,0,0,1,0.0666425,0.206224,0.223847,-0.00257348,0.208321,0.11241,29,52,59,437,2015,3424,2713,70,10.9859,11.3803,47.9192,-0.819643,0.000279546,-0.0159764
0,0,0,0,1,-0.534047,0.29161,0.165373,-0.0396964,-0.071358,-0.0438923,133,322,751,2543,1780,3780,414,110,7.94366,8.67606,-69.9598,-0.435533,-0.0460714,-0.0207179
0,0,1,0,0,-0.214564,0.29082,0.807049,-0.0115064,0.12262,0.576408,210,2111,3686,1724,1611,172,70,116,6.14085,11.5211,-9.48446,-2.31807,-0.0474155,-0.0744702
1,0,0,0,0,-2.05069,-0.92436,0.503218,0.0149897,0.0103435,0.0347768,1808,3016,2313,960,457,728,1134,82,8.70423,8.76056,-124.418,-0.353527,-0.0507737,0.0318696
0,0,0,0,1,-0.286987,0.164868,0.0655203,-0.0147472,0.0232411,0.000666018,20,207,472,2071,227,2310,702,110,2.8169,2.78873,25.292,0.139028,0.00176907,0.0218051
0,0,1,0,0,0.383318,0.0364136,-0.377756,0.0218017,-0.0216067,0.0122312,18,34,35,45,32,12,13,89,6.73239,7.49296,153.895,-2.12992,0.0234497,0.01786
0,0,0,0,1,-0.170306,0.277828,0.132186,-0.0166383,0.02544,-0.000217064,23,41,60,64,63,138,570,71,7.77465,7.38028,74.3991,-0.413204,-0.0278518,0.0116477
0,0,0,0,1,-0.246911,0.512274,0.614191,-0.023092,0.0327146,-0.00374113,14,36,74,96,232,2061,63,87,7.6338,7.71831,-112.403,-1.10404,-0.0555792,0.0431851
0,0,1,0,0,-0.345612,0.0366068,-0.0560493,0.00818121,-0.00916258,0.328774,112,1456,3667,1693,2827,552,70,105,5.57746,7.5493,0.661931,0.194708,0.0353999,0.0224511
1,0,0,0,0,-0.250319,-0.0675052,0.186424,-0.0260756,-0.0181101,0.0376368,900,3432,632,736,1306,1021,331,101,8.47887,8.56338,-60.8251,-0.564155,-0.044136,-0.0290896
0,0,0,0,1,0.223742,-0.239959,0.241156,0.040659,0.165256,0.0719101,32,234,491,2371,2383,3771,497,71,10.6197,11.1268,-158.318,-0.354965,-0.0256625,0.0379453
1,0,0,0,0,0.254267,0.0464378,-0.300348,-0.00831952,0.109001,0.104988,933,2697,2181,2693,720,45,29,89,10.5352,10.7887,-23.1274,0.0392783,0.0112675,0.0112524
0,0,1,0,0,-0.859021,-0.569807,0.199249,-0.00195109,-0.092695,0.0342152,14,29,100,358,33,18,11,90,10.169,10.7042,-78.0636,0.0139776,-0.0291308,-0.00481486
0,0,0,0,1,0.0754327,-0.0665544,-0.178091,0.0880461,0.0558936,0.053736,135,348,349,393,392,2413,911,64,11.0141,11.1268,136.847,7.13483,-0.278903,-0.167618
0,0,1,0,0,-0.105656,0.0102454,0.00647926,0.00163813,0.00701032,-0.0704884,251,2178,2751,2335,2437,202,31,71,3.32394,2.92958,151.866,0.357339,0.0284239,0.0749051
0,0,0,0,1,-0.110352,-0.471436,-0.0458612,0.0610434,-0.0461815,-1.55057,18,32,25,36,85,17,20,95,11.5493,-0.84507,131.151,-1.28519,-0.0550947,-0.0025448
0,0,0,0,1,-1.67454,0.926391,0.717239,0.0184011,-0.0238175,0.0615752,30,66,84,1083,3797,976,2044,98,7.23944,7.15493,-73.6259,-0.504752,-0.043993,-0.0105236
0,1,0,0,0,-0.363128,-0.351777,-0.0268774,-0.0617587,0.0443206,-0.000719076,10,21,44,26,26,17,17,95,10.0563,9.88732,-52.6615,-0.0837264,0.00254574,-0.00154468
1,0,0,0,0,-0.123104,-0.00779772,-0.00135899,-0.00268689,-0.0357733,0.00314817,28,189,222,336,117,58,37,100,7.57746,8,-161.868,-2.19637,-0.011698,0.0282975
0,0,1,0,0,-0.931336,0.199852,0.801639,0.050457,-0.00556259,0.0588082,70,886,2881,2443,2870,1570,136,84,7.07042,7.35211,79.8219,-0.71219,-0.000422716,0.00451362
1,0,0,0,0,-1.1994,-0.880794,-0.404647,-0.00451958,0.0792242,1.71518,1326,2484,2168,1893,452,35,27,89,0,9.88732,-135.631,-6.99449,-0.0897288,0.0405991
1,0,0,0,0,-0.3114,0.111688,0.128752,-0.0813297,-0.0175724,-0.0360239,1383,3338,2604,1658,600,1060,2206,109,9.60563,9.60563,138.005,-0.708795,0.0471551,0.027036
0,0,1,0,0,-0.269291,-0.200965,-0.190008,0.0172047,-0.0479064,0.0279461,14,28,51,412,31,19,10,87,8.90141,8.8169,-170.858,1.96076,-0.00986695,-0.0224891
1,0,0,0,0,-0.524926,-0.0947577,0.293025,0.0150771,0.0264165,-1.67671,18,35,32,14,29,11,19,80,7.04225,-4.59155,130.019,0.481648,0.0214305,-0.0153151
0,0,1,0,0,-0.29171,0.013436,-0.00407028,0.0570874,0.018659,0.011482,54,500,1389,3163,3411,2536,206,117,7.43662,8.16901,-176.537,-0.0545484,-0.0394262,-0.0362257
1,0,0,0,0,-1.0659,-0.388627,0.0653286,0.0237479,0.00949943,0.0237087,2772,3756,1174,167,139,114,67,105,4.76056,5.01408,-152.992,-0.192667,-0.0453944,0.0239937
0,0,1,0,0,-0.846699,0.826139,0.230833,-0.0071588,0.0814379,-0.220588,15,33,44,259,2138,81,43,114,7.5493,6.64789,-56.0447,-2.30496,-0.0350962,-0.0394201
0,0,0,0,1,-0.29896,0.236459,0.224852,-0.0653615,0.074947,0.93777,23,76,118,1454,3636,41,1483,82,1.23944,7.40845,-65.84,0.0471647,-0.0116659,-0.0226986
1,0,0,0,0,-0.327783,-0.167424,0.982793,0.0220134,-0.00577404,-0.00788241,487,3704,705,86,50,39,26,85,10.9859,10.9014,18.5848,-2.22088,0.0321043,0.0204726
0,0,1,0,0,0.209455,-0.0693064,-0.123865,0.0330198,0.00116796,-0.257441,12,19,25,23,21,13,17,86,6.64789,4.30986,88.5727,-2.19913,-0.00972557,0.0559415
0,0,1,0,0,-0.150846,-0.00820416,0.06532,0.00779907,0.0139626,0.0282366,21,44,62,2063,235,1153,2373,95,6.84507,7.07042,-41.0395,0.164174,-0.0123371,-0.0206101
1,0,0,0,0,-0.00595063,0.0669863,-0.00885487,0.0729933,-0.0299627,0.0337317,0,66,17,25,28,17,20,94,2.25352,2.19718,3.32875,-0.145242,0.00720036,0.00649024
1,0,0,0,0,-0.0170593,-0.00209397,0.278918,0.0346225,0.0630948,0.0366678,14,31,2381,40,40,21,25,95,10.6761,10.7887,157.928,1.3011,-0.0188812,-0.0155862
1,0,0,0,0,-1.179,-0.604777,0.357844,-0.00924365,0.0531272,0.0154101,1020,2730,2149,3337,875,138,278,86,4.56338,4.87324,148.214,-1.1647,0.00866854,0.0128899
1,0,0,0,0,-0.0901773,0.0618945,-0.0470657,0.00248994,-0.00376822,0.894687,502,2757,982,3775,1679,82,29,112,2.08451,8.42253,65.7333,2.07565,-0.097367,0.0471967
0,0,0,0,1,-0.196401,-0.0909726,0.225005,-0.0226469,0.0123191,-0.0105699,54,523,677,1178,817,55,36,97,8.42253,8.05634,-12.436,-0.439867,0.000343919,0.0100894
1,0,0,0,0,-0.00541055,0.0149853,0.0661106,-0.021688,-0.0154939,0.0479659,764,3127,2346,3773,1274,67,29,102,8.50704,8.39437,-118.208,-1.44926,-0.00981247,0.0103706
1,0,0,0,0,-0.201602,-0.00279605,0.137715,-0.0763252,-0.0769006,0.0686809,974,3810,966,176,157,148,75,74,10.7887,10.9014,-154.797,-1.8299,-0.0365494,0.0716653
0,0,0,0,1,0.746145,0.390039,-1.70127,0.107287,-0.0349079,0.222112,8,22,22,1470,2312,76,29,182,0,0,85.723,0.043621,0.0133746,0.00937894
1,0,0,0,0,-0.279476,-0.274895,0.0686188,0.0136486,-0.0118802,0.041755,24,778,760,74,60,45,20,90,11.5493,11.493,105.845,6.68529,-0.225529,-0.101661
0,0,0,0,1,-0.138054,0.0302788,0.2046,-0.0445355,0.0294052,-0.0031792,11,22,22,27,29,13,6,81,7.66197,7.23944,102.156,-0.368705,-0.0126179,-0.0145239
1,0,0,0,0,-0.565625,-0.512273,0.0641556,-0.0448705,0.0115038,0.0459935,1937,2245,1940,576,180,46,25,106,5.77465,6.30986,128.608,-12.6759,0.0743802,0.294921
0,0,0,0,1,0.146797,-0.0662948,-0.00761509,0.0262356,0.040849,0.0217455,24,45,60,505,2582,2915,2668,75,5.46479,5.52113,47.9544,1.89515,-0.0408477,0.0586138
1,0,0,0,0,0.0223504,-0.021057,-0.156482,0.0190438,0.0622658,0.0143086,129,1606,82,9,18,9,10,95,5.52113,5.60563,-81.2169,-0.681614,-0.00757741,-0.0117937
0,0,1,0,0,-1.5055,0.911124,0.370702,-0.0285688,0.00508633,0.443893,6,19,13,19,16,4,10,108,4.8169,7.26761,141.81,-0.801962,-0.0164493,-0.0219302
0,0,0,1,0,0.0357385,0.119752,0.656071,-0.0332196,0.268211,0.0993865,19,77,72,680,3389,2530,2529,58,7.83099,7.60563,-137.118,1.84281,0.00691891,-0.0210667
0,0,1,0,0,-0.112041,-0.194915,0.0498209,-0.0183456,-0.0467658,-1.48254,15,515,1700,1885,1329,16,21,102,9.52113,-1.35211,-79.8382,0.918467,-0.0174159,-0.0806307
0,0,1,0,0,-5.06445,0.142943,-0.404156,0.084914,-0.166539,0.00125119,40,637,1842,3157,2973,1771,134,184,8.11268,7.91549,98.825,-0.575931,-0.0320163,0.0538713
0,0,0,0,1,0.101176,0.323723,0.216496,0.0129404,-0.0306418,0.0177875,9,23,52,70,200,1848,23,117,4.25352,3.69014,-113.65,-0.424489,0.0218303,-0.0139368
0,0,0,0,1,-0.338861,0.0607407,-0.201651,-0.0455122,-0.122645,-0.0568361,64,123,159,309,648,2758,2597,100,9.69014,9.32394,57.1767,0.0267374,-0.0384296,0.0253705
0,0,0,0,1,0.0164435,0.0381029,-0.168662,0.00230124,0.0103375,0.286485,78,107,115,543,2564,2209,2612,80,4.19718,6.3662,33.7876,-0.220814,-0.0159584,0.0218773
0,0,0,0,1,0.184548,-0.0450457,-0.304301,-0.011762,-0.0224062,-0.172294,36,62,72,801,3515,30,20,70,10.8732,9.1831,115.48,-1.40704,-0.00155824,0.00513935
1,0,0,0,0,-1.1082,-0.719533,0.831261,0.00153493,0.0555679,0.72077,10,24,156,19,14,6,4,86,5.97183,10.0845,7.43068,2.31374,-0.00777596,-0.0194082
1,0,0,0,0,-0.168271,-0.0639772,-0.020751,0.066417,0.0258682,0.0483283,2,93,26,40,32,10,20,106,2.64789,3.40845,-118.842,-1.07904,0.00334156,-0.0169947
1,0,0,0,0,-0.206058,-0.401949,0.269074,-0.00214807,0.0593884,-0.735525,349,3376,597,57,35,21,17,106,10.3944,4.87324,98.2789,0.577646,-0.0391767,-0.0331179
1,0,0,0,0,0.0535608,-0.230367,0.0644989,0.0533279,-0.00779973,0.088001,330,3818,891,91,45,35,20,66,8.42253,8,-77.8173,-1.74556,-0.00196958,-0.0444241
1,0,0,0,0,-0.662386,-0.280168,-0.0153351,0.0129011,-0.00097323,0.0071838,6,4,14,20,26,13,14,93,1.40845,1.57746,56.5148,0.167607,-0.0175276,0.0221406
0,1,0,0,0,0.0102389,-0.0510911,0.0941925,-0.0473925,0.0677964,0.00811514,1310,3816,993,1358,3788,3824,1309,107,10.6761,11.0141,106.151,-0.539956,-0.0270966,0.011564
0,0,0,0,1,-0.164819,0.190052,0.135159,-0.0335954,0.0146083,0.203267,34,61,86,308,1243,2728,2197,70,6.76056,8.28169,36.3315,-0.267114,-0.0180398,0.00372303
1,0,0,0,0,-0.21401,-0.103848,-0.237553,0.0319903,-0.0738244,0.0624289,16,402,1103,119,76,43,18,90,6.98592,7.07042,104.476,-5.39563,0.130546,0.0540954
0,0,0,0,1,-0.100573,0.370035,-0.0785666,-0.0353694,0.00554977,-0.430615,5,13,9,12,17,5,1,111,5.09859,1.83099,115.616,0.575986,-0.0277438,0.0160887
0,0,1,0,0,0.157729,0.0387779,-0.152888,0.0196947,0.0171619,0.031925,9,28,52,105,318,1317,1993,85,4.78873,4.59155,-136.964,1.61575,0.0099026,-0.0245968
1,0,0,0,0,-0.112335,0.035612,-0.130113,0.0277355,0.00281164,-0.00622465,1558,3597,2533,1707,509,34,28,113,8.73239,8.61972,135.918,-2.98668,0.0447767,0.0480778
1,0,0,0,0,0.0749645,0.139143,-0.275659,-0.01928,-0.0177873,0.0231567,2663,652,316,291,249,172,31,80,7.29577,7.43662,-74.7357,2.96076,0.0796543,-0.0349656
1,0,0,0,0,0.074423,0.28742,-0.254004,-0.00389063,0.0110058,-0.00607676,0,10,11,17,9,0,1,65,8.76056,8.39437,-122.134,1.97438,0.00757957,-0.0897233
0,0,0,0,1,-0.290629,0.52989,-0.255739,-0.00429372,-0.0201837,-0.0186067,1,7,57,187,386,733,391,56,5.77465,5.1831,117.659,-6.37206,0.109063,0.0425855
0,0,0,0,1,-0.00620037,-0.113443,0.0825958,0.00169517,0.00226946,0.0141087,0,1,2,2,5,0,4,86,0,0,3.10596,0.550585,0.00541854,0.0289985
0,0,0,0,1,-0.0122514,0.488196,1.22959,-0.0028116,0.0354395,1.23981,3,3,9,52,2208,826,134,74,4.30986,12.3662,11.1662,0.150013,0.00844017,0.0203602
0,0,0,0,1,-0.000133991,0.181719,-0.459508,-0.0204775,0.0588161,-0.0126472,8,11,21,292,1365,3281,3002,65,12.4507,12.1408,133.184,-0.239578,-0.0288131,-0.0061506
1,0,0,0,0,0.095553,-0.0767523,-0.291496,0.00577546,0.0228911,0.0150371,3,14,3056,124,144,0,6,79,6.25352,6.3662,5.74771,-0.323989,0.0107883,-0.000170443
1,0,0,0,0,-0.240389,-0.824594,-0.173312,-0.000121475,-0.0163315,-0.0146856,373,189,138,103,17,5,0,55,10.7606,10.5634,-150.452,0.494289,-0.00644863,-0.00463051
1,0,0,0,0,0.128526,-0.0979703,-0.446136,-0.00326244,-0.0232862,0.0103447,654,740,188,57,8,2,2,76,6.33803,6.30986,5.19486,-0.69322,0.0380819,-0.0145448
1,0,0,0,0,-0.277407,0.397143,-0.22674,-0.0111671,0.00757169,0.00658419,429,2886,3339,3163,1140,40,10,64,12.5915,12.2254,64.8803,0.592358,-0.0204772,-0.0208426
1,0,0,0,0,-0.609264,-0.265271,0.312391,-0.00933446,-0.0184544,-0.0377339,949,2931,2379,2897,786,31,21,78,8.39437,7.57746,146.472,-12.3836,0.22728,0.499691
0,0,0,0,1,0.253985,-0.133784,-0.184448,-0.0254186,-0.0150496,-0.00125692,1661,3809,1956,854,3180,3357,3029,78,11.0423,10.9014,146.298,0.835776,-0.013128,-0.0591618
0,0,1,0,0,-1.05699,-0.144521,0.718417,0.00988185,0.0108811,0.474465,4,11,340,1600,2162,475,59,77,5.23944,7.85915,13.5221,-0.7381,-0.00426999,-0.0187315
0,0,1,0,0,-0.103292,-0.121532,0.685629,-0.0108674,-0.0708911,-0.00126442,75,95,104,1154,3697,3775,1508,68,9.38028,9.35211,-140.451,5.06192,0.0753305,-0.150855
0,0,0,0,1,-1.02856,1.03346,-0.218554,0.000360989,0.00772536,-1.04037,1,1,1,3,217,5,1,71,7.43662,1.69014,-55.1187,11.5302,0.224924,-0.111605
0,0,0,0,1,-0.00650722,0.329809,-0.212035,-0.0136596,0.0457864,1.58082,10,7,16,285,2582,1891,2374,69,-1.49296,8.56338,119.307,-17.6573,0.342434,-0.0655466
0,0,1,0,0,-0.483376,0.0569054,0.38575,0.0109109,-0.00555104,0.0159186,50,1359,3759,1575,2921,829,385,55,5.43662,5.21127,-178.748,1.89307,-0.0406456,-0.0568117
1,0,0,0,0,-0.711481,-0.607211,0.745392,0.0415023,-0.38923,0.746812,1424,3776,2449,1173,351,51,15,87,1.43662,5.83099,-121.596,0.371913,0.0257623,0.0497643
1,0,0,0,0,-0.334877,-0.654782,0.218846,-0.00752235,0.00100205,0.00293448,2180,1362,2133,1027,234,13,9,71,8.19718,8.67606,51.7089,-1.33206,-0.00594604,0.00828755
1,0,0,0,0,-0.308113,-0.466151,-0.125886,-0.00593425,0.02041,-0.0050865,3037,3525,446,39,44,17,8,72,4.19718,4.33803,21.3631,-5.25691,0.0991449,-0.0449432
0,0,1,0,0,-6.23544,-1.08333,-1.18599,-0.010322,-0.0173298,-0.0113046,3,53,35,294,20,19,0,87,7.94366,8.98592,-21.8011,-0.700738,0.107445,-0.0142044
0,0,0,0,1,-1.49092,0.359048,0.0306911,0.00363369,-0.00199961,0.00452495,1,15,23,51,29,8,0,77,5.32394,5.43662,64.3291,0.11354,-0.0145203,0.00939006
0,0,0,0,1,-0.110417,0.0137281,0.0878878,-0.0169297,0.0156532,0.0163511,7,6,31,146,654,2814,2182,66,10.1408,9.52113,149.143,-0.151321,-0.0242896,-0.00716805
0,0,1,0,0,-1.09746,-0.772785,0.0697308,0.0121246,-0.0109459,0.0113215,0,7,2,363,11,0,0,71,7.85915,7.94366,-105.22,0.642272,0.0249565,-0.018303
1,0,0,0,0,-5.8899,-3.04833,6.29591,0.0407168,-0.148201,0.16041,2326,3738,1134,792,3390,80,13,56,5.29577,5.40845,-53.8787,0.0513526,0.043535,-0.0427719
0,0,1,0,0,-0.682834,0.832499,1.04626,-0.0221826,-0.0147564,0.184607,63,76,84,672,1681,2002,680,77,10.6197,12.0845,26.0531,0.232794,-0.00532806,0.0149454
0,0,1,0,0,-0.0892693,-0.298015,0.611747,-0.0291456,0.0296081,-0.267957,10,25,27,49,15,2,1,72,12.4789,11.5493,-134.198,0.554221,-0.0309997,0.00930822
0,0,0,0,1,-0.455387,0.948492,1.38535,-0.00849395,0.00621542,0.00769171,17,30,58,160,621,2658,3161,100,10.5634,10.7042,-130.256,-4.80762,-0.117067,0.0771927
0,0,1,0,0,-0.140015,0.313048,0.223403,0.0338877,0.0603349,0.00354191,11,238,213,1843,1799,2707,291,85,12.9014,12.9859,-156.078,23.2352,0.0598217,-0.525565
0,0,0,0,1,-0.0768817,-0.252025,-0.000595093,-0.0187573,-0.0103478,-0.0315446,3,11,12,14,34,1123,1431,53,3.69014,3.38028,-106.512,-0.0187325,-0.0114893,0.00824356
1,0,0,0,0,-0.255871,-0.236863,1.62268,0.00834733,0.0122487,0.0162422,914,1192,223,54,29,10,6,96,12.5915,12.4507,101.36,-1.94647,-0.0210501,0.0224653
1,0,0,0,0,4.53767,7.3405,-2.05359,0.100525,-0.465022,0.422794,2468,3142,867,132,86,67,9,73,8.4507,9.60563,-56.0588,11.9057,0.223334,0.189062
0,0,0,0,1,-0.415372,0.998393,-0.231372,0.0156113,-0.0184419,0.744704,8,21,28,279,937,2216,1745,81,7.71831,12.5634,-131.588,-3.2021,-0.0242124,0.0496865
0,0,0,0,1,-0.865991,0.514693,0.423963,-0.00551603,-0.0211919,1.75186,4,16,6,15,136,50,27,68,0.957747,8.78873,134.353,2.08231,0.011651,-0.00193
0,0,0,0,1,-0.192468,-0.0272514,0.0871859,-0.0142347,-0.0249377,-0.0234412,354,1511,1154,550,969,2801,204,74,6.11268,6.14085,-119.628,-5.13594,-0.158193,0.16659
0,0,0,0,1,-0.639754,0.0560189,-0.965591,-0.00504682,0.0291388,-0.782998,181,1378,1984,1589,637,32,15,101,10.5634,5.6338,160.886,5.14919,0.0879521,-0.0935988
0,0,1,0,0,-0.52787,0.276439,0.808693,-0.0282221,-0.0771762,-0.0172882,36,1012,3041,2653,2972,646,74,83,9.07042,8.92958,-95.0494,0.0715783,-0.0304155,-0.0134649
1,0,0,0,0,-0.229981,0.0761412,0.124442,0.00108035,-0.00420394,0.00822739,64,920,2826,2447,3032,823,54,101,1.40845,1.46479,168.021,-0.582547,-0.00036633,0.0219637
0,0,0,0,1,-0.579003,0.611572,0.94416,-0.00530017,-0.0261589,0.505047,12,20,34,536,2821,2722,2621,83,6.67606,9.5493,-51.4762,0.463598,-0.0123384,0.00092411
0,0,1,0,0,-4.36448,0.718703,-2.19442,-0.00681283,-0.0572957,0.243556,19,154,437,2079,2466,3805,427,78,8.76056,10.0563,-76.5326,-0.402687,-0.0529576,-0.0230188
0,0,1,0,0,-0.805643,0.234888,0.382745,-0.00187394,-0.00329028,-0.188338,76,1570,2756,684,2592,771,43,95,4.64789,3.77465,171.207,-1.58457,-0.0626276,0.0785428
0,0,1,0,0,-0.2351,-0.151344,0.666233,0.0208425,0.0438765,-0.00221864,4,13,10,39,29,13,7,85,13.2113,12.1127,-129.956,0.65942,-0.0244447,-0.0971154
0,0,1,0,0,-0.0243351,-0.154514,0.166113,0.000308926,0.00334374,-0.00378822,351,2785,1068,3794,1320,78,17,66,4.70423,5.01408,156.284,-2.54656,-0.00275433,0.0358035
0,0,1,0,0,-0.19195,-0.0492411,-0.194886,-0.00663501,0.00994716,-0.200336,91,1121,3272,2880,3133,783,63,79,6.14085,5.26761,174.566,-1.99692,-0.0758162,0.0911213
0,0,0,0,1,-0.158861,-0.0897827,0.119324,-0.00887401,-0.00869535,0.000320481,33,167,510,1826,1977,3457,839,60,5.12676,5.26761,-71.0786,-0.151139,-0.0139515,-0.0759428
1,0,0,0,0,0.123071,0.0652607,-0.00419426,0.00926731,-0.00268995,0.0136536,1095,2456,2109,3006,740,46,44,75,6.50704,6.76056,-123.585,0.0361509,-0.0402594,0.00715899
0,0,1,0,0,-0.237305,-0.0665287,1.42366,0.0298663,-0.0445738,-0.00747343,3,12,22,35,23,20,6,114,12.338,12.3944,-102.48,-0.400128,-0.0252417,0.0347085
0,0,1,0,0,-0.255596,0.33455,-1.06882,0.0227187,0.000787703,0.0279264,14,161,181,289,18,4,3,85,12.4789,12.4225,-1.99613,-0.197297,0.00411725,-0.00540164
0,0,1,0,0,-3.42182,-0.105262,-0.311303,-0.0205532,0.035618,1.26857,12,206,656,2252,186,2047,951,100,3.26761,7.52113,-165.977,-1.46474,-0.0121185,0.0110527
0,0,1,0,0,-1.24114,0.405303,1.15712,-0.014323,-0.0173093,-0.024665,1,9,17,17,17,10,5,89,11.7746,11.6901,-2.37911,0.259319,-0.0223588,0.000888722
0,0,1,0,0,-8.76314,0.372529,-0.484294,0.012149,0.0316967,-0.26573,151,1997,2884,2629,2712,396,38,61,7.5493,6,-103.106,-0.454556,-0.0735774,-0.0150439
0,0,1,0,0,-1.88981,-0.107325,-0.212403,-0.0128844,-0.00325224,-0.0238112,239,2415,964,2396,2188,166,29,59,9.04225,9.23944,-112.587,-0.0441025,-0.0188075,-0.0165725
0,0,0,0,1,0.135512,-0.168351,0.430937,-0.00786489,-0.0717381,0.109908,652,1117,640,478,1403,2938,1856,67,11.7465,12.169,38.4785,0.837628,-0.00705814,0.0465056
0,0,0,0,1,-0.518241,0.440403,0.634404,0.0168332,0.0288848,0.0123136,10,20,45,190,851,2728,2356,106,6.19718,5.77465,-45.7568,-1.80064,-0.0140538,0.0027585
0,0,1,0,0,-0.48662,-0.179244,1.20119,-0.0199235,0.055057,1.10963,145,1982,3513,3096,2407,221,39,80,3.69014,10.1972,-116.507,-7.53697,-0.0853443,-0.0107222
0,0,1,0,0,0.0634277,0.388789,-0.188116,0.00410231,-0.0252376,0.747842,3,14,39,236,526,590,271,63,3.57746,8.53521,20.435,-1.08739,-0.040054,-0.0248888
0,1,0,0,0,-1.19747,-0.858639,-0.384459,0.00235121,-0.0433343,-0.0124297,0,8,25,356,16,5,3,67,5.5493,5.49296,62.8745,8.34961,-0.180626,0.113318
0,0,0,0,1,-0.579447,0.261634,0.0847893,-0.00178772,0.001213,0.0239345,12,95,246,2007,3308,3765,947,86,6.70423,6.11268,-84.0862,-0.42144,-0.0459896,0.0425782
0,0,1,0,0,-0.0466548,0.133921,1.72043,0.0111456,0.0257603,0.464736,10,312,498,1722,1800,309,49,69,6.39437,8.90141,168.366,-4.73238,0.0517817,-0.013533
0,0,1,0,0,-0.809005,-0.61723,-0.266795,0.00709022,0.0232883,-0.0167839,270,401,13,6,5,0,0,73,4.8169,5.04225,44.9242,-1.60775,-0.00558539,0.0218796
1,0,0,0,0,-1.27369,-0.980221,2.06146,-0.00815431,-0.0383191,0.0150502,802,3070,2388,3095,874,54,40,92,12.9296,12.9859,-32.9145,-0.582914,-0.0124097,-0.0249662
0,0,1,0,0,-0.0475779,-0.370669,-0.0945797,-0.0134336,0.00385039,-0.312127,242,2356,3167,3796,2134,138,14,81,6.84507,4.78873,-110.09,-0.0846664,-0.0404763,-0.030027
0,0,0,0,1,-0.439168,0.281116,0.0405178,0.0137239,0.0283128,0.57927,0,1,5,26,11,50,31,98,4.25352,7.69014,-125.116,-0.809361,-0.0291782,0.00473914
1,0,0,0,0,0.152861,-0.0253409,0.654849,-0.0145723,-0.0065416,0.033038,400,43,33,48,29,15,2,67,12.1127,11.8873,32.9557,-0.901601,-0.0264788,0.0582019
0,0,1,0,0,-4.35061,1.03112,0.201315,-0.00634881,0.021317,0.031544,1,20,48,479,498,424,26,82,4,4.05634,-66.3336,7.04569,0.124784,0.0688281
1,0,0,0,0,-0.237906,-0.399182,0.028142,-0.00363058,0.0392277,-0.175911,115,1985,1163,3806,2408,257,10,71,6.08451,5.01408,-101.525,-0.560659,-0.0259972,-0.0269071
0,0,1,0,0,-43.4805,-10.5674,2.8681,0.0251151,0.046103,0.123486,851,2167,1062,3685,1038,34,15,95,12.9577,12.9296,-28.3068,0.169973,-0.0231981,-0.0142033
0,0,0,0,1,-0.361879,0.162104,0.224661,0.00622482,0.00704411,0.276371,0,1,1,7,90,345,93,59,7.09859,9.23944,117.462,-4.10218,0.0258318,-0.0220897
0,0,0,0,1,-0.536017,0.437462,0.488618,-0.000169444,0.0224044,0.973528,0,1,3,4,11,82,1,79,2.14085,6.73239,67.5806,0.115708,0.0257599,0.0124429
0,0,1,0,0,-8.95023,-0.355814,-0.560239,-0.00709496,-0.000619118,0.0244092,175,1312,1688,3180,921,55,4,106,7.94366,8,-101.005,-0.598999,-0.0261555,-0.0121696
0,0,1,0,0,0.185019,0.0425918,-0.589576,-0.00525328,-0.00866447,-0.02117,37,236,380,1883,2497,716,134,109,8.92958,9.49296,109.438,-0.148481,-0.0155331,-0.00720251
0,0,0,0,1,-0.151015,0.337948,-0.278098,-0.000214593,0.0317603,0.418242,5,1,6,4,12,329,2777,86,4.42254,6.70423,-101.888,3.90241,-0.026903,-0.0639742
0,0,1,0,0,0.0441411,-0.307698,-0.364023,0.0017147,0.0102768,0.0111045,574,890,401,101,64,42,5,76,9.77465,10.4225,-127.451,0.261245,-0.0536908,-0.00529218
0,0,0,0,1,-0.00652552,0.0379343,0.109728,-0.00784104,0.0362093,-0.00448551,0,4,9,14,46,1228,51,89,6,5.85915,-11.5023,-0.20499,-0.0300943,0.00242376
0,0,1,0,0,-1.60628,0.280596,0.141542,-0.00839744,-0.0197037,-0.46846,9,350,1153,3033,2582,1622,43,78,3.32394,1.94366,-6.13688,1.46696,0.0122544,-0.00914362
1,0,0,0,0,-0.857728,-0.801991,0.758372,0.0330184,-0.0101974,-0.000729316,1398,3052,2452,1791,493,352,443,58,8.87324,9.1831,53.252,-0.441909,-0.0317141,-0.0466857
0,0,0,0,1,0.171893,-0.0250773,0.18433,-0.000262001,0.0375032,-0.00548783,8,9,32,162,778,2670,3263,100,9.49296,8.84507,51.1816,0.6175,-0.0425322,0.022288
0,0,0,0,1,-0.224685,-0.133372,-1.04319,0.00233685,0.0742769,-0.616199,8,25,79,322,548,416,2,79,12.169,7.69014,-145.149,0.49428,-0.0200067,-0.0497563
0,0,1,0,0,0.137807,0.264911,0.0288477,0.00771014,-0.00764691,0.0399137,10,318,917,2452,3680,1198,220,69,13.2394,12.7887,104.206,9.55E-05,0.570074,-2.20596
0,0,0,0,1,-0.0651839,0.0218292,-0.022768,0.00528732,-0.0085431,-0.186108,7,20,37,270,1236,2786,2465,87,8.19718,6.95775,56.4837,0.316382,-0.0440448,0.0326931
0,0,0,1,0,-0.586223,0.155212,-0.0289288,-0.0222148,-0.0468314,-0.0123866,60,81,96,1013,2772,2347,2152,79,3.69014,4.22535,135.178,0.431237,-0.060762,-0.0191009
0,0,0,0,1,-1.1254,0.213843,0.118502,0.00026075,-0.00329992,0.713176,7,43,141,1905,3357,1111,1025,79,4.30986,9.60563,30.1045,0.644867,-0.0222481,0.0404073
0,0,0,0,1,-0.687171,0.468267,1.35652,-0.0147133,-0.0480302,0.00621445,6,48,133,1669,3792,3767,856,79,10.9859,11.4648,118.626,0.522037,-0.0635019,-0.00937581
0,0,0,1,0,-0.66317,0.415428,0.124349,0.00369352,0.00265764,-0.224963,9,53,183,1682,3014,844,1479,88,8.47887,6.64789,29.3803,-0.95285,-0.0258828,-0.0477554
1,0,0,0,0,-0.33905,-0.109387,-0.0835485,0.000570252,0.002472,-0.355237,0,4,5,3,20,2,0,58,5.12676,2.87324,140.331,-4.27095,0.040663,0.0599991
0,0,0,0,1,0.0745315,-0.129981,0.461191,-0.0032589,-0.0344802,-0.0129862,1,2,6,8,19,449,1046,113,6,5.97183,102.786,15.2552,0.10177,1.89299
0,0,0,0,1,-14.1588,9.21101,7.02878,-0.0305414,-0.0616046,0.335957,7,7,7,620,1069,3055,2344,75,8.76056,10,-128.356,2.48703,-0.0307164,-0.0432483
0,0,0,0,1,0.100103,0.0813797,0.255587,0.0195805,-0.000107242,-0.0506532,5,1,6,6,18,412,2628,86,5.38028,5.52113,83.5606,-0.849657,-0.0453504,-0.0066168
0,1,0,0,0,-0.0490825,0.08489,0.437944,-0.00479405,-0.00600382,0.00947039,0,3,16,20,13,9,0,94,6.11268,6.28169,92.9827,1.36E-05,-0.0445798,-1.88907
0,0,0,0,1,-1.1012,0.621796,-0.142787,-0.00560549,-0.0182156,0.187762,0,2,5,6,18,5,0,79,6.53521,8,128.905,-0.809756,-0.0296024,0.00537658
0,0,0,1,0,-0.180702,0.19568,-0.588705,-0.0315561,-0.0223621,-0.023238,35,151,466,1713,1546,2740,840,67,8.33803,8.02817,119.792,-0.532109,-0.0162876,0.0129271
0,0,0,0,1,0.0444067,0.0390561,-0.407453,0.00409358,-0.0306532,0.189822,12,13,29,650,3423,2631,2552,100,5.40845,6.33803,48.0055,-0.37618,-0.0310794,-0.0370946
0,0,0,0,1,-0.481578,0.407989,0.647402,0.0170908,-0.0437075,-0.0358588,0,3,1,8,5,4,1,54,11.7746,11.7183,-119.334,7.67502,-0.125015,-0.25446
0,1,0,0,0,-0.859815,0.126452,-0.426953,0.00900884,0.0276409,-0.00911982,73,978,2376,2968,1267,82,11,101,4.53521,4.4507,-9.99534,0.0577087,-0.00506532,0.00432889
0,0,1,0,0,-0.139089,0.168717,-0.0126152,-0.0277981,-0.0858498,-0.463179,7,51,143,1597,3818,3815,698,102,12.8732,9.09859,118.121,3.67189,-0.136786,-0.0238802
1,0,0,0,0,-1.55959,-0.700849,-0.0863934,-0.0108432,-0.0222524,0.0204195,835,2965,2092,3652,1021,766,1401,78,9.49296,9.6338,67.2131,4.70754,-0.230053,0.102777
0,0,0,0,1,-0.0500453,0.197585,0.0245447,-0.00116242,-0.0133194,0.344025,1,2,5,12,24,626,502,99,5.97183,8.02817,91.5988,1.05213,-0.0640385,-0.0149813
0,0,1,0,0,0.0706978,0.0851548,0.136315,-0.00242685,-0.0258815,0.0240947,0,6,11,26,18,6,0,88,12.2535,12.338,87.4972,0.641211,-0.0604,0.015466
0,0,0,0,1,-0.947618,0.510423,-0.109644,-0.00644605,-0.00662302,0.128251,0,3,3,8,15,9,0,103,7.23944,7.94366,130.167,1.68524,-0.0451728,-0.000944257
1,0,0,0,0,-1.31492,-0.700356,0.555886,-0.0388567,0.0411012,-0.0274384,1,38,44,82,7,0,0,78,7.23944,6.76056,51.788,-0.347376,-0.00786823,0.0199011
0,0,0,0,1,0.0346076,0.364077,0.0886383,-0.0278417,0.109623,-0.0117663,0,2,1,4,3,20,10,130,6.02817,6.33803,-46.4782,3.81257,0.0124016,0.0282187
0,0,1,0,0,-5.34306,0.615559,1.28715,0.0064309,-0.159089,-0.0116316,36,2,2,18,151,501,0,94,10.7606,10.6479,91.9508,1.51776,-0.0451178,0.025053
0,0,0,0,1,-0.207667,0.176793,-0.168639,-0.00957072,0.0490751,-0.234015,0,2,0,2,1,5,0,116,12.4507,11.1831,-38.0368,-0.0620089,-0.00164914,-0.015111
0,0,0,0,1,-0.0347454,0.0954322,-0.264891,0.0317022,-0.0459905,0.475527,1,2,5,24,339,332,0,78,7.01408,9.29577,90.1099,-0.609979,0.0193484,0.00629866
1,0,0,0,0,-1.24678,-0.740457,0.589087,0.0431142,0.0535677,0.096509,10,1032,11,6,6,4,0,122,7.12676,6.76056,-157.34,0.391561,0.00586814,-0.00467968
0,0,0,0,1,0.244268,-0.154057,-0.96249,0.0218563,-0.00918277,-0.186927,0,1,3,3,26,110,19,108,11.6338,10.3099,-64.2037,0.673229,-0.00993747,0.00363284
0,0,1,0,0,-0.908399,0.483393,0.280764,0.0140754,0.0274593,0.760611,0,3,0,14,199,634,0,93,5.23944,8.16901,92.2603,0.450716,-0.00313795,0.0182971
0,0,0,0,1,-0.200295,0.164747,1.16643,0.0725804,0.0225767,-0.0293564,0,2,1,2,4,0,421,96,12.338,12.1972,-27.4107,3.20161,0.0371572,0.0621732
1,0,0,0,0,0.0421949,-0.195403,0.331317,-0.028257,0.064396,0.136916,12,126,1,0,4,0,0,93,11.0986,11.4648,4.90824,0.0833278,0.00807142,0.0350265
1,0,0,0,0,-0.324853,0.106838,0.384347,-0.0189375,0.17406,0.0841366,8,1012,9,5,6,2,0,134,10.0563,11.9718,-165.622,-2.29552,-0.00914425,-0.00830787
0,0,0,0,1,0.332922,0.0708605,-1.05877,0.026518,-0.0181343,-0.328458,1,2,4,18,708,817,0,75,11.1268,7.26761,95.3578,-0.158604,-0.0140491,0.0126584
0,0,1,0,0,0.0871238,0.034225,-0.330831,-0.00896396,0.0570457,0.013229,0,20,176,577,22,1,0,101,8.61972,8.3662,53.3038,-2.95167,0.0301262,-0.033162
1,0,0,0,0,-0.711163,-0.244072,0.573527,0.024622,0.0709283,0.0600694,243,19,1,1,4,0,0,122,11.4366,11.5775,-179.161,-0.245633,-0.0283155,-0.00389702
1,0,0,0,0,-0.590093,-0.185167,-0.601954,-0.0303799,0.00779493,-1.90883,0,19,74,1069,12,1,1,120,8.8169,-4.25352,-136.145,-2.89738,0.00404133,0.0234862
0,0,0,0,1,-0.281066,-0.31377,-0.833302,0.0565412,-0.0952211,-0.527804,0,3,3,18,842,938,0,133,11.9718,8.25352,-94.3803,6.11378,0.0839671,0.0976177
0,0,1,0,0,-0.419465,-0.140858,0.210915,0.0550757,-0.0562389,0.0517141,0,129,254,57,6,0,1,119,7.04225,6.56338,29.8829,-0.420573,0.00517863,0.00825292
0,0,1,0,0,-5.09818,0.0886924,-0.993715,-0.0317422,0.00340358,-0.011506,1,3,3,17,264,900,1,111,6.39437,6.78873,75.8723,-0.504649,-0.00319952,0.0243351
0,0,0,0,1,-0.33506,0.317552,-0.054594,0.0106048,-0.0698451,-0.197326,0,0,2,5,68,33,8,109,7.09859,5.66197,-81.602,-0.466153,-0.00175357,-0.0305964
1,0,0,0,0,-0.40795,-0.139299,1.12565,-0.023837,-0.000961152,0.0519495,28,437,5,3,4,0,0,108,8.08451,8.42253,-2.65253,-0.987133,-0.000639677,-0.0163638
0,0,0,0,1,-2.5702,2.23311,-0.159603,-0.0224634,0.1513,-0.190697,0,2,1,6,5,5,0,141,10.7324,9.97183,-57.738,0.207685,-0.0171558,-0.00693572
1,0,0,0,0,-0.584194,-0.00965345,0.380017,-0.00333857,0.00495636,-0.0160662,0,8,786,170,21,1,1,90,2.30986,2.39437,-130.716,0.260802,0.00198061,0.00945759
1,0,0,0,0,-0.473761,-0.641831,0.439589,0.0143153,0.128602,0.0487693,8,1091,10,7,5,2,0,99,5.1831,5.21127,-173.162,-0.208211,-0.0132527,-0.00278839
1,0,0,0,0,0.110835,-0.0251582,-1.08895,0.0343532,-0.0330538,0.0480813,52,230,6,3,5,0,0,104,11.1831,10.9014,-2.35084,-0.781844,0.0143161,-0.00509004
0,0,1,0,0,-0.242522,-0.258067,-0.789176,0.0011145,0.072811,-0.640553,1,2,4,15,779,577,1,115,11.2958,7.49296,-103.859,-0.811454,-0.0151049,-0.0194303
0,1,0,0,0,-0.107938,-0.0782191,0.854233,-0.0152793,0.112875,-0.0253319,1,26,138,971,13,1,0,110,5.1831,5.12676,-3.27649,-0.151834,0.000745535,-0.00121
0,0,0,0,1,-0.394567,0.261157,0.150402,-0.0449068,0.0602885,-0.068095,0,1,2,2,5,2,370,137,11.7183,11.831,99.6482,2.52851,-0.0523871,-0.00808311
0,0,0,0,1,0.243657,0.250506,-0.146232,0.0298046,0.0444372,-0.0635167,0,1,3,2,5,9,108,110,11.3239,11.5493,19.3739,-0.167689,0.010485,-0.000459105
0,1,0,0,0,-0.0885876,-0.0170105,0.280186,-0.0427457,-0.0438198,-0.0241997,0,51,134,146,11,0,0,118,8.98592,8.61972,111.973,-0.111183,-0.0161821,0.00457442
1,0,0,0,0,0.229439,0.111231,-0.0817041,0.0168424,-0.165811,0.0677716,0,82,432,98,6,0,0,133,11.0986,10.9859,114.816,-0.0744474,-0.0265914,0.00852418
0,0,0,0,1,-0.534264,-0.11901,-0.19138,0.0102407,-0.134259,-0.413434,0,1,1,5,101,188,7,113,11.9437,9.15493,-0.890578,-0.154591,0.0135653,-0.0123644
1,0,0,0,0,0.438025,-0.216125,-0.443389,0.0054273,0.0387693,0.100634,404,2,2,4,4,0,2,106,10.7324,11.0141,-120.551,13.8494,-0.139467,0.201246
1,0,0,0,0,-0.110342,-0.538913,-0.90641,-0.0261003,0.0947502,0.0570827,46,298,6,3,5,0,0,125,10.3662,10.5634,67.8442,-0.300418,-0.0337123,0.0163676
1,0,0,0,0,-0.691808,-0.0392767,0.57859,-0.0136569,0.0486215,0.0895029,30,0,1,3,4,0,0,126,11.6901,11.0423,-118.008,-0.235889,-0.0158227,0.00783795
0,0,0,0,1,0.276785,-0.397904,0.281596,0.0205408,0.0230734,1.37761,1,1,5,8,668,19,0,121,-1.57746,3.80282,-22.3476,-1.75291,-0.0111269,0.0161724
0,0,0,0,1,-0.642394,0.0389872,0.0479679,0.0151671,0.0363683,0.52396,2,1,4,19,763,798,1,118,1.43662,5.32394,153.707,-1.32515,0.0115179,-0.00567424
0,0,0,0,1,0.0421065,0.0991541,-0.500775,0.00985895,-0.0852726,0.0158372,0,2,3,2,5,0,402,118,5.83099,5.94366,29.9439,0.161625,-0.00442564,-0.00140062
0,0,0,1,0,-0.446964,0.137833,-0.21807,-0.0200994,-0.0044399,-0.0255813,0,1,1,4,45,26,8,90,7.23944,7.1831,-7.23988,-0.28344,-0.00529015,-0.0178696
1,0,0,0,0,-0.0131072,-0.0448476,-0.179445,-0.0235827,0.0113466,0.126531,5,298,54,7,4,1,0,129,10.6479,11.3521,87.1921,3.46307,-0.0667479,-0.0575899
0,0,1,0,0,-0.147215,-0.0961166,-0.204494,-0.0318459,-0.0149863,-0.655009,0,3,3,16,168,982,0,92,5.71831,3.38028,-25.1662,-0.0827852,-0.00521201,0.00224604
0,0,1,0,0,-9.05778,-1.40269,0.805246,-0.0014105,-0.0397827,0.273589,2,11,507,331,34,1,0,109,9.49296,11.1549,128.486,-1.15718,0.00972113,0.00227988
0,0,0,1,0,0.527886,0.053625,0.374355,-0.054525,0.0552053,-0.0356946,1,0,1,3,14,23,9,119,11.1831,10.9296,5.46904,-0.333849,0.0121843,-0.0132979
1,0,0,0,0,0.792592,-0.323226,0.0194798,-0.00558594,0.0565425,0.0624031,263,3,3,1,6,0,0,141,8.78873,9.07042,58.9996,-7.33801,0.218261,-0.0549495
1,0,0,0,0,-0.189167,-0.246031,0.820945,-0.0340067,-0.0553859,0.193117,0,31,119,433,13,2,0,92,9.85915,10.9296,121.045,-1.76487,5.30E-06,0.00966716
1,0,0,0,0,0.086089,-0.0361715,0.0504827,0.00539902,0.0953284,-0.0132813,9,1129,16,6,4,3,0,115,6.11268,5.71831,-87.1249,0.73322,0.00372315,0.00282255
0,0,1,0,0,0.132585,-0.210353,0.16158,0.0488506,0.0621514,-0.309365,29,19,7,89,4,0,0,187,-1.5493,0,-98.5136,0.151502,-0.027924,-0.0241448
0,0,0,0,1,0.747183,-0.0517195,-0.0887499,0.0766744,0.0586791,0.0472074,0,1,4,2,6,0,469,127,7.71831,7.83099,60.9198,-0.361099,0.00306121,-0.00815076
0,0,0,0,1,-0.375631,0.0407109,0.0884438,-0.041979,-0.00256797,-0.0792556,0,1,3,4,4,4,0,141,3.46479,3.32394,57.3708,4.68953,-0.113566,0.0421714
0,0,0,0,1,-0.0106434,-0.105632,-0.246276,-0.0273887,0.0125539,-0.359796,0,2,3,4,5,0,349,126,7.01408,4.59155,61.4138,0.982128,-0.0100915,0.00592017
1,0,0,0,0,-0.235889,-0.197868,-0.742703,-0.0652199,-0.0702752,-0.159259,1,27,31,17,6,1,0,113,8.78873,8.4507,110.048,0.105722,-0.014312,-0.00335443
1,0,0,0,0,-0.503409,-0.278967,0.154297,-0.0115185,-0.0149674,0.0646926,4,0,0,2,3,0,0,104,3.35211,3.29577,2.76788,-0.651752,0.00613767,-0.0174912
1,0,0,0,0,0.114465,-0.151981,0.0928478,-0.00436696,0.0228164,-0.00196635,1,40,35,17,5,0,0,124,6.50704,6.25352,-158.452,-0.977479,-0.0212733,-0.00920907
0,0,0,0,1,0.511918,0.106253,-1.42449,0.00189673,-0.0826813,-0.0472398,1,0,0,2,5,1,262,133,7.88732,8.61972,133.325,0.597177,-0.00900513,-0.0152255
0,0,1,0,0,-3.09367,-0.285112,0.70861,0.0314204,0.157936,-0.0458844,0,6,670,54,26,0,0,97,11.2113,11.1268,50.7973,-0.595383,0.0235309,0.0192993
1,0,0,0,0,-3.07109,-1.05289,0.0650749,-0.0230778,-0.0738981,0.0169093,7,824,9,5,5,1,0,80,8.70423,8.50704,179.358,-1.68746,-0.0156699,0.0126432
0,0,0,0,1,-0.450278,0.288534,0.622719,0.0514676,-0.0459323,0.434041,0,1,2,1,5,13,1,122,6.67606,10.0563,116.363,-1.41017,0.00491884,-0.00209537
0,0,1,0,0,-0.446264,-0.542629,0.763074,-0.00362509,0.0740807,0.508387,0,11,484,421,57,1,0,135,4.3662,6.92958,-128.156,-0.497466,-0.0101972,-0.0258666
1,0,0,0,0,-0.0551558,-0.107209,0.838855,0.0189399,0.0575782,0.0862679,109,15,2,3,5,0,0,118,10.8451,11.8592,-13.3472,-1.11748,0.00761002,0.00371373
0,0,1,0,0,-0.0817834,0.0257353,-0.31144,0.0560744,0.113206,0.375685,5,1797,537,2002,1545,3828,507,143,6.95775,9.38028,165.916,0.508279,-0.044027,0.0180433
0,0,1,0,0,-0.638602,0.553771,0.586285,0.0139454,0.101396,-0.0110497,2,4,3,14,240,1071,0,118,5.29577,5.32394,-103.607,-0.38951,0.0132623,-0.0134986
1,0,0,0,0,0.0714132,-0.161278,0.121032,-0.065104,0.0160322,0.134141,4,0,1,2,3,0,0,166,8.30986,8.22535,9.65295,0.0610228,0.00311327,0.0045657
0,0,0,0,1,0.0842418,-0.267741,-0.447436,0.00682769,-0.050112,-0.490088,0,1,2,5,8,46,22,120,10.3944,7.49296,105.558,-0.371173,-0.00855276,0.000995725
0,0,1,0,0,-0.450151,0.498476,0.194548,0.00361526,0.0735324,0.580515,2,3,5,19,891,872,2,102,4.39437,7.38028,-101.64,0.52217,0.00601166,-0.0272467
0,0,0,0,1,0.00846797,0.269331,-0.720545,-0.0791391,0.0238649,-0.172992,0,3,3,4,50,83,7,118,11.8592,10.9014,99.3518,11.2303,-0.227149,-0.238798
0,0,0,0,1,0.174511,-0.0446995,0.175342,0.028898,-0.0496831,-0.000796751,0,2,3,3,4,0,19,146,8.53521,8.70423,121.576,-0.497094,-0.0038155,0.00541937
0,0,1,0,0,-0.0109428,-0.328465,0.615123,-0.00463883,-0.00284822,-0.464456,0,1,83,28,42,9,0,98,8.25352,5.66197,50.2773,-0.0744044,-0.00527501,0.00646305
0,1,0,0,0,-7.23411,-0.500404,-0.261404,-0.0190714,0.0861696,-0.0146704,1,55,52,8,4,0,0,96,11.2676,10.9859,8.93163,0.0662985,0.0139045,0.000503469
0,0,0,0,1,-0.526833,0.7578,-0.151222,0.0355571,-0.12811,0.674255,0,0,3,4,4,8,0,108,1.09859,6.8169,108.725,3.50915,-0.0387967,-0.0313317
1,0,0,0,0,-0.331256,0.000713468,0.654401,-0.0293792,-0.0767599,0.0610833,1,33,1,2,3,1,0,83,11.1268,11.493,154.418,-1.94866,0.00428867,0.0314176
0,0,1,0,0,-0.0836137,0.200037,0.324388,0.0280199,0.075778,0.943687,0,14,762,897,22,2,0,109,3.60563,7.91549,31.337,-0.366554,-0.00229882,0.00441015
0,0,0,0,1,-0.0723798,0.0592453,0.0138474,0.0128632,-0.0082885,-0.000490362,0,1,4,4,4,4,0,128,4.50704,4.3662,111.831,1.63047,-0.02692,-0.0104352
0,0,0,0,1,0.287267,0.0553646,-0.390454,0.0491169,0.115004,1.41372,0,0,2,5,6,4,0,114,1.04225,10,120.821,-3.64085,0.0107276,-0.0339404
0,0,1,0,0,-0.266634,0.039713,0.382104,0.0081435,-0.000910415,0.434453,0,2,35,54,124,26,0,116,3.66197,5.35211,-126.36,1.34648,-0.0271351,-0.0382623
0,0,0,0,1,-1.31421,1.02158,0.408877,-0.0271188,-0.086401,-0.553606,0,0,1,5,16,20,1,115,7.60563,5.04225,93.6273,0.394284,-0.0065093,-0.00619423
0,0,0,0,1,-0.191874,0.183118,-0.0232668,0.0127983,-0.0448503,-0.00193054,0,3,3,5,237,25,4,106,2.56338,2.33803,85.6293,1.22405,-0.00924971,-0.00165349
0,0,1,0,0,-1.58146,0.69362,-0.556829,-0.00113166,-0.0390852,-0.0148051,0,7,4,14,956,1047,0,102,2.11268,0.788732,0.158874,-0.100825,0.00683546,0.000181246
1,0,0,0,0,-0.00825793,0.205013,0.680733,0.0265759,0.117591,0.134001,8,156,3,1,2,0,0,68,12.1972,11.8873,-67.2356,0.296776,0.00318727,0.0109679
0,0,1,0,0,-0.292545,-0.172882,0.0177584,-0.0100803,0.00287206,-0.619912,0,17,228,785,11,1,0,127,8.53521,4.61972,153.529,5.73326,0.0174977,-0.0581523
1,0,0,0,0,-0.421376,-0.246482,1.09466,-0.0151819,0.0823307,-1.94012,5,242,35,8,4,0,0,105,8.90141,-0.84507,-44.7015,-4.86097,-0.0301212,-0.0271147
0,0,0,0,1,-0.445416,-0.144797,-0.119451,0.0851154,-0.160156,-0.0119971,0,1,2,2,3,5,0,97,8.92958,8.76056,-121.861,-1.42691,-0.0302469,0.00487781
1,0,0,0,0,-0.27383,-0.0799169,0.040555,0.002261,0.0073098,-0.0677813,2,428,3,1,3,0,0,120,2.70423,3.15493,-67.2209,-0.158357,0.00221273,0.0045411
0,0,1,0,0,-0.556331,-0.037789,-0.050786,-0.0381066,0.0371064,-0.0524803,4,1932,354,3726,1460,53,6,138,8.3662,8.61972,45.7737,6.308,-0.0558259,0.0810896
0,0,0,0,1,-0.306286,-0.0281438,0.326232,0.0173395,-0.123974,-0.311364,0,3,3,10,815,1064,0,94,11.0423,9.40845,-163.017,-2.52877,-0.103798,0.0704346
1,0,0,0,0,0.557404,-0.136104,0.439931,0.0319192,0.30668,0.0076115,0,29,724,1010,18,3,1,104,11.7465,11.5211,149.969,-0.0235662,-0.00437742,0.0226433
1,0,0,0,0,-0.756568,-0.689839,-0.330837,0.0612863,0.0945759,0.0263349,10,885,28,6,3,1,0,133,7.97183,8.25352,-51.3712,0.709778,0.00321656,0.0103118
0,0,0,0,1,-0.301484,0.140073,-0.317466,-0.0306473,-0.0369035,-0.0195241,0,5,4,15,454,410,3,102,7.66197,7.15493,26.2669,-0.805055,-0.00525939,-0.00865544
0,0,1,0,0,-0.105881,-0.128907,0.460764,-0.0165004,-0.0328868,-0.0376751,0,5,52,563,112,2,0,123,8.87324,9.09859,-2.22337,-0.168547,0.0328227,0.0042933
0,0,0,0,1,0.104325,0.0317211,-0.0654249,0.0379532,0.0133714,-0.0217285,0,1,1,22,1049,824,0,115,7.66197,7.04225,-161.443,-0.823208,-0.0204322,0.0214054
0,0,1,0,0,0.190382,-0.0598398,-0.500804,-0.0167402,0.0488866,-0.183069,0,81,128,73,8,0,0,113,11.9155,10.2817,152.781,2.75454,-0.00533062,-0.0165652
0,0,0,0,1,-0.681701,0.079332,-0.372349,0.0299123,-0.0234269,0.191983,0,2,3,9,565,175,2,102,10.3662,11.4085,-164.084,0.428302,-0.0238068,0.010694
0,0,0,0,1,-0.361815,0.290468,0.0549974,0.0190579,-0.0126432,-0.04852,0,2,3,2,4,0,787,116,8.73239,9.6338,65.2925,-0.110833,0.00381413,-0.00255775
1,0,0,0,0,-0.546955,-0.271714,0.496147,0.0307324,0.0534878,0.0524788,451,2,1,0,3,0,0,120,11.4085,11.7183,79.0749,10.156,0.144049,-0.199372
1,0,0,0,0,-0.397489,-0.121754,0.096221,-0.00935974,0.00531458,0.00724833,0,18,426,1068,25,4,0,117,4.02817,3.38028,130.634,0.997502,0.00709185,-0.0077458
0,0,0,0,1,0.215797,-0.0144554,0.431032,0.0273418,-0.103967,0.722007,2,1,5,2,1746,137,3,138,6.70423,11.7465,44.3021,-1.04607,0.0026406,-0.00358921
1,0,0,0,0,-0.922163,-0.521282,0.440303,-0.0450048,-0.0224816,-0.0401448,10,782,7,4,4,2,0,118,6.14085,6.3662,-61.921,0.487936,0.0205817,0.00531971
0,0,1,0,0,-0.0785164,-0.249735,-0.311143,-0.0139858,-0.11076,-0.446931,0,3,225,28,35,2,1,134,9.43662,6.59155,175.751,1.04677,-0.0153213,0.000275731
1,0,0,0,0,-0.282827,-0.219575,0.306656,-0.0194522,0.0254245,-0.142843,8,1265,19,6,5,3,0,123,5.23944,4.02817,-53.1372,-0.0260319,-0.00422662,0.00283575
1,0,0,0,0,-1.24035,-0.895745,0.676592,-0.0361715,0.0646285,0.0396522,5,611,20,5,6,1,0,123,12,12.4225,128.886,5.71195,-0.0295569,-0.0503472
0,0,0,0,1,-0.528372,-0.374994,-0.0808086,0.00612566,-0.0296098,0.471073,0,3,3,35,186,900,0,125,0.788732,3.40845,3.61832,-0.035241,0.00851491,-0.00353018
0,0,1,0,0,-0.373039,0.658609,0.217631,0.0359901,-0.263805,1.0353,0,7,575,47,51,2,1,112,4,8.50704,-15.9589,-0.0105384,-0.00470176,0.0107188
1,0,0,0,0,-0.30524,-0.347069,-0.387723,-0.0141478,0.0228778,-0.726973,249,547,223,8,18,4,6,107,9.80282,4.28169,-138.761,-0.280078,-0.0089006,-0.0066511
0,0,1,0,0,-0.738578,0.0714062,0.243655,-0.0292366,-0.0281411,1.58003,7,71,831,320,103,24,32,99,-3.46479,6.4507,21.2836,0.350332,0.0028013,0.0172846
1,0,0,0,0,0.082288,-0.194816,-0.199779,-0.00449783,-0.0283968,-0.938313,57,8,204,476,414,314,7,166,6.61972,0.619718,-76.3819,0.696842,0.0342925,-0.0189362
0,0,0,0,1,-0.351028,0.435922,-0.640857,0.0548634,-0.0641866,0.044351,3,17,14,41,26,235,309,141,9.88732,8.87324,-25.3529,-0.183279,0.02067,-0.0176408
0,0,0,0,1,-0.351173,0.399536,-0.427765,0.0259481,-0.0582234,1.84001,7,17,7,40,202,445,184,169,0,12.7042,-40.4784,0.0286989,0.00506245,-0.01151
1,0,0,0,0,0.155818,-0.0761364,-0.146579,0.0107213,-0.0197383,0.0171133,239,24,11,8,19,5,8,112,5.32394,5.83099,-168.029,-0.276474,-0.0118296,0.0191034
0,0,0,0,1,-4.10141,4.45608,0.364582,-0.0158525,0.0472235,-0.0529333,5,17,15,40,19,246,17,121,12.8451,12.4789,-25.9655,0.158755,0.00988582,0.00287372
0,0,0,0,1,-0.906959,0.492161,0.275083,-0.0157784,-0.0244068,-0.457784,195,279,7,12,106,725,12,145,2.87324,0.788732,-72.6633,-0.356909,0.00915736,-0.0307276
1,0,0,0,0,-0.866038,-0.753482,0.505938,-0.0359446,-0.108797,-1.38096,4,337,30,4,18,5,4,167,10.6479,2.33803,-152.746,-1.99518,-0.0223367,0.0115321
0,0,0,1,0,-4.3512,5.37198,0.508462,-0.034148,-0.0316083,-0.013343,9,22,22,71,80,376,186,169,13.0704,12.169,-35.9873,-0.795773,-0.0124361,-0.0162064
0,0,1,0,0,-0.354001,-0.256877,0.160474,-0.00916674,0.127261,0.0331417,8,21,63,241,536,171,8,150,12.4789,12.7042,-80.9574,0.0471387,-0.00673783,-0.0156016
0,0,0,0,1,0.0699325,0.0617709,-0.0744143,0.00664617,-0.0350984,0.34546,5,18,7,145,701,261,134,152,2.22535,4.73239,-54.5727,-0.103446,-0.00406456,0.00232035
0,0,0,0,1,-0.0163834,0.209557,-0.514621,-0.00657803,-0.00812382,1.21345,4,16,7,112,693,90,87,181,0,8.30986,-57.4312,-1.3747,-0.00363213,-0.000579298
1,0,0,0,0,-0.109864,0.0115346,-0.14072,0.00385256,-0.0118093,-0.459757,8,170,359,58,279,6,6,142,7.6338,4.98592,-105.065,0.262868,0.00494629,-0.016419
0,0,1,0,0,-0.61174,0.886129,-0.868754,-0.0425646,-0.145424,0.0105876,7,10,7,150,471,395,51,116,13.0986,12.2535,-69.568,0.204074,-0.0081436,0.00107622
0,0,0,0,1,-0.186707,0.794883,0.654219,0.0282107,0.152914,0.0213867,8,39,31,58,124,521,243,137,12.0282,12.6479,-47.161,-0.142939,-0.00237989,-0.0212097
1,0,0,0,0,0.174991,0.230978,-0.735759,-0.0581194,-0.0882369,0.0360138,142,410,251,39,22,3,7,144,10.9577,11.0986,-136.453,-0.476385,-0.0131178,0.00998712
0,0,1,0,0,-1.25576,0.521519,2.5486,-0.0419341,-0.0403288,-0.384891,270,27,9,354,1279,558,26,76,12.8451,10,-176.759,0.347731,-0.0015254,0.0131772
0,0,1,0,0,-0.826268,-0.0960691,0.222117,-0.00300982,0.024407,-0.655287,7,87,496,334,219,136,4,95,6.11268,2.64789,-92.8733,-1.34475,-0.00574845,-0.0341466
1,0,0,0,0,-0.460704,-0.514475,-0.41939,0.0102402,0.0128199,-1.89346,125,477,264,82,26,2,7,113,10.8169,-0.873239,-131.231,-0.483485,-0.00565808,-0.0228322
1,0,0,0,0,-1.04514,-0.354007,0.456867,-0.0171658,-0.0274426,-0.328754,5,12,19,22,19,11,3,121,7.46479,5.49296,-29.5409,-2.50223,0.01098,-0.00860919
0,0,0,0,1,0.0162485,-0.127343,-0.300089,0.0625853,-0.0389889,-0.000520826,3,10,11,15,20,24,10,103,9.66197,9.80282,64.1074,0.321777,-0.00507681,0.00255221
1,0,0,0,0,-0.35822,-0.469559,-0.0902748,-0.0253788,0.0430951,-0.00414116,473,541,105,5,18,3,4,166,4.59155,4.73239,-150.551,0.182844,-0.00225341,0.00172383
0,0,0,0,1,-0.403914,-0.622277,2.48687,0.358939,0.0696239,0.420276,446,166,17,15,397,746,1166,113,10.8451,13.2676,-169.173,-0.340568,-0.0128577,0.0342308
0,0,0,0,1,0.719759,-0.0812125,-0.0453005,-0.00645967,0.00702132,-0.210665,3,9,9,16,21,10,14,136,2.30986,1.60563,57.7191,-0.429132,-0.00480969,-0.000993878
0,0,1,0,0,0.0290473,0.653987,-0.869543,0.00575694,-0.0414741,0.0289277,9,12,6,105,592,387,174,129,9.32394,9.5493,35.5784,-0.707188,0.0037927,-0.00618625
1,0,0,0,0,-0.365203,-0.416356,0.213842,0.00891533,-0.00822832,0.0248126,293,434,162,26,19,3,5,113,3.35211,3.12676,-44.1255,-0.157513,0.0042125,-0.00314796
0,0,1,0,0,-0.706521,-0.613273,-0.0148745,0.00336036,-0.0172345,-1.2637,6,86,437,269,284,24,6,94,9.1831,0.760563,-0.0978358,1.95481,0.0266075,0.0111808
0,0,0,0,1,-3.63716,3.09673,0.486802,-0.00267413,-0.0447178,0.566215,9,22,17,81,122,441,209,117,8.50704,12.507,48.7857,-5.28743,0.054362,-0.0537629
1,0,0,0,0,-0.233664,-0.0261475,0.428283,0.0212838,0.0454061,0.0383236,1,5,23,11,16,4,6,134,7.5493,7.83099,-127.987,0.444459,-0.00187036,0.00627941
0,0,0,0,0,0.0840262,0.0318123,0.00655842,-2.17E-05,-0.000452364,0.247608,5,18,14,21,14,4,3,92,-0.929577,0.760563,55.7501,0.444459,-0.283063,-0.412104
1,0,0,0,0,0.310319,0.0781383,0.592374,0.034009,0.0531703,0.0331937,365,649,138,5,18,4,6,145,8.39437,8.08451,-44.6296,0.231617,-0.0024963,-0.00209275
0,0,1,0,0,-9.57153,-1.82438,0.277167,-0.0511254,-0.0315954,0.615577,8,133,469,221,286,12,9,162,8.56338,12.8732,-0.274648,3.68876,0.042754,0.037635
0,0,0,0,1,0.249835,-0.0653896,-0.0363827,-0.00854019,-0.0584093,-0.206625,4,15,23,35,20,101,171,165,3.21127,2.11268,75.6218,-0.162472,0.00456285,0.00422978
0,0,0,0,1,-0.528529,0.885702,0.760127,-0.0304517,0.0586607,-0.0212538,4,11,12,14,20,16,9,115,11.8028,11.7465,166.844,-0.339144,0.00521529,-0.00578173
1,0,0,0,0,-0.353972,0.137017,0.397893,-0.049441,0.0142435,0.424776,99,454,139,98,31,4,6,147,7.77465,10.5634,-37.4034,0.778446,0.00537884,-0.00442654
0,0,1,0,0,-0.180552,0.0619619,0.052762,0.0164219,-0.0456153,0.000460588,3,11,13,9,20,5,11,130,3.32394,3.66197,144.571,0.136329,0.00110647,-0.010197
1,0,0,0,0,-0.521057,0.208204,0.421834,0.0335534,-0.0523464,0.0181766,130,29,10,7,18,6,5,147,10.8732,10.9859,-80.5208,-0.790156,-0.0223293,-0.00624883
0,0,1,0,0,0.0871608,-0.0451328,-0.0231037,0.00980289,-0.0514479,0.139736,7,66,362,92,438,166,5,162,2.95775,3.52113,0.364318,0.825569,0.00454044,0.00615457
0,0,1,0,0,-0.0960882,0.1431,-0.628041,0.0153952,-0.0553801,0.612057,8,28,43,346,487,544,13,177,8.33803,12.8732,12.8048,0.412077,-0.00642985,-8.56E-05
1,0,0,0,0,0.0756976,-0.151909,0.122507,-0.00587361,0.00315055,-0.00619239,134,10,343,154,28,0,6,121,6.76056,6.8169,-39.6282,-0.608242,-0.00857371,0.00228947
0,0,0,0,1,0.624529,0.0379397,-0.0168772,-0.0022818,0.0381321,0.0843301,8,13,6,47,187,661,222,169,6.14085,7.94366,42.2565,0.27998,-0.00175393,0.000605345
0,0,1,0,0,-0.703149,-0.119175,-0.48947,0.00136468,-0.101846,-0.797584,13,375,3,539,184,2,5,107,9.94366,4.73239,-26.1127,0.286155,0.0130895,-0.000890713
0,0,1,0,0,-10.9682,-0.850383,-0.571223,-0.0224467,0.00303227,-0.348231,29,534,167,544,110,2,2,108,12.7606,10.0563,-30.2298,-0.0634919,0.00478643,-0.00370075
0,0,0,0,1,-0.351641,0.0809555,-0.153207,0.0126961,-0.0868466,0.0276894,10,24,13,79,205,544,228,104,11.0141,10.9296,38.6942,-0.584029,-0.000659466,-0.00603199
1,0,0,0,0,-0.100804,-0.083294,0.296615,0.00274351,0.0383451,-0.0117425,44,415,67,519,87,2,6,156,5.38028,5.29577,-10.3256,0.0926726,0.00946021,-0.00159599
1,0,0,0,0,-0.578155,-0.249389,0.306845,0.0189781,0.0110894,0.518704,279,535,147,9,35,9,3,151,3.43662,6.56338,-38.1914,0.0414669,0.00792485,-0.000768006
0,0,0,0,1,0.132146,-0.0343153,0.6841,0.00665505,0.00115896,0.0121739,3,18,14,202,397,114,4,106,11.3803,11.7465,115.357,-0.69529,-0.00551307,0.00381207
1,0,0,0,0,0.0319341,-0.211236,-0.845987,-0.013084,-0.0757441,-0.00144783,34,314,40,6,22,7,4,132,11.4085,11.2394,-50.9537,0.627113,0.00212228,0.00422245
0,0,1,0,0,-0.161668,0.323093,0.539243,0.0167855,0.101487,0.0941551,11,241,401,411,266,5,6,112,12.5915,12.8451,1.81293,0.0254932,0.0137973,0.00288032
0,0,1,0,0,0.0196891,0.154207,0.521606,-0.0274968,0.0506511,0.290037,8,101,461,6,450,44,17,173,10.9014,12.7042,101.283,0.388604,-0.0246735,0.0324156
0,0,0,0,1,-0.424926,0.32954,0.0116072,-0.0148425,-0.0338922,-0.0129532,8,14,6,148,627,233,154,149,3.07042,3.26761,135.813,2.21975,-0.0014888,-0.00558692
0,0,0,0,1,-0.161446,0.139303,0.122017,0.0124493,0.0260854,0.0188624,7,19,6,30,48,340,151,111,3.71831,3.77465,159.09,13.5225,-0.137686,-0.0915694
0,0,1,0,0,-0.109218,-0.141466,1.69169,0.00527976,0.0601428,-0.119744,6,77,245,611,414,33,5,108,12.6197,11.5211,89.7041,0.897895,-0.00670415,0.0220915
0,0,1,0,0,-0.131657,-0.3185,-0.918112,-0.00055567,-0.130515,-0.598439,5,227,476,678,180,3,6,107,12.3944,8.16901,75.0997,0.0554833,-0.00966334,0.0121399
0,0,1,0,0,-5.65939,-0.910763,-1.78787,-0.0358299,-0.0224917,0.0445056,1,9,4,28,21,6,5,163,12.4225,12.338,-46.0344,-2.3333,0.00047189,-0.0145914
0,0,0,0,1,-0.0986297,0.0406867,0.165272,0.00411814,-0.0347818,0.416659,6,18,9,169,207,191,69,161,0,2.64789,113.672,-1.39669,-0.00382289,0.00790715
1,0,0,0,0,-0.387294,-0.322127,-0.866345,0.0726495,-0.0589844,0.0251449,0,552,41,3,19,6,5,168,8.22535,8.8169,26.1963,-2.77389,0.0325264,-0.00814658
1,0,0,0,0,-0.0202671,-0.122903,-0.0661621,-0.0207176,-0.157278,-0.447342,5,106,559,726,376,25,5,102,8.92958,5.57746,88.2915,6.79763,-0.0792379,-0.0262789
0,0,1,0,0,-24.85,-7.84732,1.48227,-0.0540404,-0.166764,0.117394,156,266,77,109,29,1,4,160,12.507,12.3099,48.4495,0.221986,-0.00517088,0.0113328
1,0,0,0,0,0.0580544,-0.0085656,0.282295,0.0050976,0.0351548,1.54296,3,36,9,9,21,8,8,128,0.84507,9.26761,-125.785,0.360872,-0.00443402,0.00631818
0,0,1,0,0,-16.8871,0.133209,-0.610799,0.00455597,-0.113772,-0.145999,7,93,325,592,351,31,10,157,8.67606,7.46479,85.311,0.869979,0.00152296,0.0177686
0,0,0,0,1,-0.750191,0.0869391,0.109735,-0.00316861,-0.00443671,0.00845545,4,13,21,157,284,506,33,114,1.46479,1.77465,105.503,0.328734,-0.010366,-0.00499851
1,0,0,0,0,-0.49058,-1.61416,0.856951,0.0283626,0.126946,-0.177238,38,11,14,20,22,4,3,80,12.8169,11.1831,17.257,0.396606,-0.00525558,0.0321798
0,0,0,0,1,-0.385025,0.570839,0.333276,-0.00984812,0.00478212,0.00781738,10,20,14,92,209,358,450,104,5.57746,5.32394,132.663,0.809202,-0.0190183,-0.0211407
1,0,0,0,0,0.555506,-0.116585,-0.301948,-0.0085454,-0.090035,0.607913,45,258,22,4,17,4,3,114,1.88732,5.6338,15.4709,-1.24983,0.00485563,-0.00163531
1,0,0,0,0,-0.126235,-0.215277,0.361567,0.0108654,0.0151749,-0.238906,56,498,40,6,19,7,2,117,8.78873,6.90141,23.8694,1.77615,-0.0237594,0.0281759
0,0,0,0,1,-0.356954,0.0615206,-0.266396,0.00410381,0.0180606,0.0127643,2,10,5,19,21,5,5,115,2.14085,2.28169,-47.3933,-0.483209,-0.0247632,-0.0114301
0,0,0,1,0,-3.44269,2.46018,0.28807,0.00749814,-0.0534614,0.00714224,8,15,9,60,217,178,182,168,12.1127,12,129.029,-0.023918,-0.000681221,-0.0142179
1,0,0,0,0,-0.349317,-0.0721281,-0.163675,0.0397553,-0.0432336,-0.227949,260,739,85,6,25,7,6,168,5.74648,4.30986,26.8585,0.0430425,-0.0186927,0.00643897
0,1,0,0,0,-1.41127,-1.06981,-0.212246,-0.000753522,0.109422,-0.00791007,49,518,421,822,80,3,5,128,8.05634,8,63.7266,0.137463,-0.0124254,0.00892609
0,0,1,0,0,-4.00803,-0.465398,-0.280893,-0.0175495,-0.0102736,0.183235,17,292,23,259,202,3,4,162,6.28169,7.40845,73.8167,-0.296789,-0.0108286,-0.00208795
0,1,0,0,0,-0.592059,-0.923516,0.353104,0.0162038,0.011257,-1.66601,24,310,139,481,137,2,5,103,8.02817,1.26761,67.1987,-0.993363,-0.00177297,0.0187113
0,0,1,0,0,-4.18219,-0.178003,0.314594,-0.0317484,-0.0109302,-0.542721,7,198,655,388,283,6,7,156,6.87324,4.61972,77.5748,-0.0739031,-0.0108695,0.0122017
1,0,0,0,0,-0.128805,-0.17282,0.224787,-0.0181181,0.0115121,-0.00899065,9,10,7,12,14,19,8,96,2.76056,2.53521,-52.9961,0.288468,-0.0100082,-0.00539178
0,0,1,0,0,-0.13051,-0.123512,0.602179,0.0457601,-0.165782,-0.241112,5,57,278,502,592,188,6,111,11.4648,9.88732,-178.631,0.303486,-0.0117802,-0.0101625
1,0,0,0,0,-0.00798512,-0.0451606,0.0263443,0.00456686,0.0199637,0.0146063,5,6,283,13,21,7,11,106,2.76056,2.4507,-33.9094,0.24896,0.00990671,0.0109399
0,0,0,0,1,0.0807142,0.153919,-0.975775,0.0560862,0.0289439,0.198841,8,16,6,107,582,649,72,170,10.4789,12.0563,-152.356,0.123694,-0.01177,-0.0259013
0,0,0,0,1,-0.13493,-0.411747,-0.122479,-0.014081,-0.040544,-1.1368,8,13,5,82,528,234,240,111,11.9718,3.57746,-147.358,-1.42955,-0.0128901,0.0190287
0,0,0,0,1,-0.614919,0.217419,0.0379066,-0.0152086,0.0156904,-0.602622,4,15,8,25,43,299,140,142,2,-1.15493,-120.162,2.34269,0.000359714,-0.0253519
1,0,0,0,0,0.451254,0.237879,-0.300355,-0.0162625,-0.147806,0.0103086,317,338,180,19,27,5,1,144,5.71831,6.08451,126.397,-2.39267,0.032811,0.00641739
1,0,0,0,0,-0.245229,-0.0366337,-0.789676,0.00813642,-0.0100257,-0.0434819,158,68,14,6,20,6,7,110,9.07042,8.64789,101.761,-4.96287,-0.00913954,0.0739654
0,1,0,0,0,-0.0802302,-0.402232,0.132243,0.0028496,0.0310184,0.0241009,3,2,1,13,23,8,8,110,11.4366,11.8592,-30.2622,0.700044,0.0151032,0.00298038
0,0,1,0,0,-1.08609,0.247566,-0.0550489,-0.0160642,-0.0708996,-0.0152304,6,68,390,10,224,180,3,175,3.69014,3.77465,-175.225,4.87457,-0.00665271,-0.0561673
1,0,0,0,0,0.85546,-0.550762,0.39838,0.0028294,-0.0211006,0.605833,19,365,571,430,198,4,7,164,5.04225,5.91549,160.948,-0.397689,-0.0151671,-0.00208861
0,0,0,0,1,-0.743844,0.179868,0.277006,-0.0188773,0.194754,0.72424,5,11,7,16,19,331,7,120,6.95775,12.3099,-3.30119,-0.0920832,0.0176156,-0.000856191
0,0,1,0,0,-0.562108,0.821394,2.70778,-0.0510458,-0.109809,0.0200414,6,22,73,409,55,493,11,113,12.3099,12.1127,-172.384,0.0742832,-0.0184066,0.0101652
0,0,0,0,1,-0.511122,0.182145,-0.399533,0.0180335,-0.0740404,0.0239207,3,13,11,23,17,213,5,93,12.2254,12.3662,-119.249,-1.97797,-0.0287615,0.0378121
1,0,0,0,0,-0.139891,0.0888881,-0.474624,0.0178446,-0.0173316,0.000598288,208,91,259,51,24,1,5,151,11.4085,11.6056,145.472,0.627707,-0.0195803,-0.0123328
0,0,0,0,1,-0.395521,0.076889,0.0609035,0.00436251,9.05E-05,0.00756495,7,17,119,16,10,15,11,124,2.05634,2.16901,0.766545,-0.376477,0.00327289,-0.00324959
0,0,1,0,0,-1.00977,0.631724,-0.176068,-0.0249609,-0.0279592,-0.0464006,7,14,36,207,14,662,17,117,6.76056,5.97183,-154.446,-1.74239,-0.0135614,0.000275373
0,0,1,0,0,-0.611613,-0.19634,-0.0873747,0.0160724,0.0220659,0.00054924,5,5,52,14,23,7,10,105,3.49296,4.05634,-22.9254,0.0279808,-0.00510445,0.00374773
0,0,0,0,1,-0.454513,0.0574651,0.213667,0.000982075,0.0183557,0.129577,2,6,3,83,617,48,158,157,3.60563,4.73239,-135.418,0.135375,0.0074237,-0.018591
0,0,1,0,0,-0.402943,-0.0908475,0.384058,-0.0315195,-0.00665542,0.0370267,3,31,285,107,557,126,6,165,8.92958,9.01408,-165.794,2.19528,-0.0158579,-0.0152176
0,0,0,0,1,-0.332166,-0.136651,0.078968,0.0228789,0.0106085,0.0190926,8,21,13,89,300,522,269,102,10.3099,10.3944,-125.88,0.466514,0.00453666,-0.0201219
0,0,1,0,0,0.0455937,-0.0713852,0.204203,0.0183788,0.0293031,0.0165698,4,8,7,13,24,3,5,117,3.5493,3.57746,56.073,-0.0468935,0.00879678,-0.00500709
0,0,1,0,0,-0.308568,-0.155338,0.0232134,-0.0128319,-0.0479345,0.252322,4,31,131,215,371,417,8,151,2.98592,4.56338,-158.606,2.84945,-0.0260905,0.00379089
1,0,0,0,0,0.185309,-0.278429,-0.455273,0.0280489,0.0794648,0.0232842,288,11,8,8,17,4,4,131,11.493,11.6901,101.294,13.9655,-0.022983,-0.151936
0,0,1,0,0,-1.88211,0.943124,0.41993,0.00167593,0.00844786,-0.516432,157,15,5,114,620,169,6,143,11.1268,8.08451,-176.702,-11.2532,-0.159614,0.11457
0,0,1,0,0,-0.0222553,0.388897,0.0480957,0.0118902,-0.0648913,-0.160896,3,13,9,177,420,385,30,82,12.1127,10.3099,-149.781,8.1078,-0.0475311,-0.0964647
1,0,0,0,0,-0.102312,0.0873835,0.125219,-0.00893403,-0.00551801,-0.00264829,1534,2315,2278,1718,370,14,6,111,4.76056,5.01408,138.718,-0.177064,-0.00801116,-0.00021252
0,0,1,0,0,-7.01174,1.37097,-0.340909,0.0313241,0.104555,-0.59291,27,1051,3033,2376,3213,903,47,121,12.4789,8,-96.9248,0.322339,0.00293793,-0.0159602
0,0,1,0,0,0.172583,-0.244933,-0.558065,0.0102022,0.0991517,-0.591805,42,248,515,2389,3812,3513,338,119,12.6761,8.70423,-170.007,1.71173,-0.0147005,-0.00790361
1,0,0,0,0,-0.759805,-0.128483,2.82125,-0.0568358,0.0383844,0.121223,1725,3335,2412,1321,525,1071,1558,136,12.338,12.7606,-131.506,2.05695,0.00660212,-0.0289569
1,0,0,0,0,-0.210106,0.0435905,-0.267421,0.00755514,-0.131153,1.74373,307,2617,1917,3320,1856,93,9,129,0,10.5915,153.547,0.46724,-0.0183309,0.00539423
0,0,0,0,1,-9.01183,5.56406,0.888755,0.0294223,-0.0773718,-0.0242807,18,36,44,464,1944,3260,2101,131,13.2958,12.9014,-141.054,2.65113,0.00245827,-0.0144996
1,0,0,0,0,0.162586,-0.0107665,-0.391006,0.0112284,-0.0499081,-0.0516023,1100,2672,2103,3211,729,23,7,144,5.6338,5.01408,143.935,1.6862,0.00159337,-0.00381276
1,0,0,0,0,-0.300561,-0.659482,-0.846143,0.0329767,0.0120091,-1.79803,268,2569,3304,3814,1939,115,13,132,11.6056,-1.01408,155.775,-2.35518,-0.0298831,0.0070644
0,0,0,0,1,-0.580262,0.262501,-0.238597,-0.015564,-0.046758,1.11164,7,105,231,2055,1520,897,966,125,-1.52113,5.40845,-164.348,-2.04517,0.00412042,0.0141938
0,0,0,0,1,0.06674,-0.182714,2.11581,-0.0549004,-0.205697,0.0437876,37,63,77,925,3800,317,2325,137,12.7606,13.1549,-147.599,1.5925,-0.0180071,-0.0114056
0,0,1,0,0,-0.0664867,-1.23264,-0.345895,0.0311949,-0.0147012,0.0252635,1405,2990,2437,1474,352,16,7,112,11.6056,11.5211,137.567,-2.11679,-0.0084472,0.0154218
1,0,0,0,0,0.148706,0.0281057,0.0444956,0.00362497,-0.0216433,0.0165802,1777,2572,1591,227,56,23,1,110,0.732394,0.873239,123.364,0.775519,-0.00445244,-0.0028441
0,0,1,0,0,-0.181211,0.436484,-0.160973,-0.0390882,0.176372,0.434674,10,196,445,2393,2783,3830,442,116,9.21127,12,-167.689,8.9807,-0.0427942,-0.0250501
0,0,0,0,1,-0.0300357,-0.0620571,-0.0212955,0.000977726,0.00265442,-0.0171223,5,19,61,90,71,404,1818,123,2.78873,2.11268,-108.352,2.16994,0.013519,-0.0168094
0,0,0,0,1,-0.614889,-0.0802186,0.149683,0.00686056,0.0186548,1.91072,1,7,29,80,405,2406,50,103,-2.84507,6.67606,-45.6367,-12.7192,-0.10729,0.0196952
0,0,1,0,0,-0.209724,-0.32382,0.302172,-0.0561949,0.147777,-0.0279901,5,297,883,2584,540,3820,382,60,4.22535,4.4507,-74.1902,-0.689491,0.00100937,-0.0379105
1,0,0,0,0,0.30191,0.0538473,-0.93636,0.0258207,-0.027386,0.0499479,46,3798,691,45,17,14,1,134,12.9014,12.1127,117.76,-2.11975,-0.0151552,0.00452709
0,0,1,0,0,-5.02314,-1.3932,-0.446522,0.047395,-0.120267,0.426593,107,1831,3248,1240,2557,353,18,124,6.8169,8.33803,175.025,0.186635,-0.0242348,-0.00681767
0,0,0,0,1,-0.213845,0.142485,-0.156628,0.0169792,-0.0810578,0.877718,12,13,35,740,3754,1689,2420,131,5.74648,12.0563,-46.2799,1.95994,0.00141449,-0.00976819
0,0,0,0,1,-0.752715,0.929423,-0.395926,-0.0551379,-0.0132188,0.384479,10,14,47,1116,3820,88,2074,56,2.08451,3.40845,-51.417,8.02345,0.0646007,0.0436571
0,0,1,0,0,-0.799625,0.142201,0.347141,0.0115478,0.0094757,-0.111672,11,637,2359,1995,1796,3239,173,71,4.61972,3.88732,-87.4086,0.395297,-0.0118067,-0.00374824
1,0,0,0,0,-1.50751,-0.281068,-0.0701904,0.0285896,0.205287,0.0027796,622,2663,1041,3803,1408,43,7,138,3.12676,2.59155,151.309,-2.50055,0.00372006,0.00787033
0,0,1,0,0,-5.9794,-0.15621,2.08529,0.0578,0.127087,0.0862204,39,1166,3317,2139,3129,750,73,97,11.8028,12.1972,-97.1266,-0.16616,-0.0140582,-0.00689238
0,0,0,0,1,-0.00199991,-0.0651181,-0.411941,-0.00403713,0.100155,0.0366444,8,32,75,150,277,2278,105,105,10.3662,10.3944,-122.442,1.56849,0.00538088,-0.019109
0,0,0,0,1,0.122776,-0.153595,0.697666,-0.0375538,-0.0102338,0.0363595,12,126,256,1892,3762,3809,722,88,12.3944,11.493,-164.396,-2.45716,-0.0181704,0.000975229
1,0,0,0,0,-0.731297,-0.203509,-0.301228,0.0454526,0.0237607,0.0256318,1013,2026,748,3803,1342,2072,2129,129,3.35211,3.40845,-32.2585,-0.337926,-0.00924551,0.00405076
0,0,0,0,1,-0.174096,0.0971706,0.384251,-0.0483531,0.00754413,0.0417181,69,110,109,637,2801,1959,2467,106,6.64789,6.87324,-51.3312,0.536226,0.00234273,0.00277528
0,1,0,0,0,-0.229871,-0.0849535,-0.478857,0.0213792,0.180759,-0.067099,855,3121,2516,2761,704,27,11,67,12.7606,12.2254,-124.401,-2.12105,-0.0204039,-0.0210048
1,0,0,0,0,-0.43942,-0.77294,0.739621,0.0365946,0.0810802,0.00712617,109,979,167,44,8,3,1,116,8.90141,9.69014,-174.153,-0.350661,-0.00261158,-0.00338803
0,0,0,0,1,-0.278015,-0.094362,0.332478,0.0221823,-0.0309512,0.0208377,16,30,42,554,2535,2939,2212,119,12.507,12.5915,-53.7221,-0.0668212,0.00395751,-0.0144192
0,0,0,0,1,-0.812725,0.159619,0.151738,0.024158,-0.0779065,0.255284,4,89,228,1999,1462,775,991,124,1.83099,3.74648,-70.9761,-0.086521,-0.00188376,0.00320227
0,0,1,0,0,0.0505439,0.210191,0.953063,-0.141189,0.0781685,0.310999,8,227,566,2342,3407,3796,392,75,7.6338,10.1972,9.94076,0.261708,0.0123253,-0.00806162
1,0,0,0,0,-1.04386,-0.285937,0.104751,0.00110393,-0.0178981,0.0102267,542,2825,1778,3805,1398,40,8,73,4.98592,5.09859,-119.164,2.19397,0.00904703,-0.00553983
0,0,0,0,1,0.435969,0.23009,-0.616113,0.0198394,-0.0428371,0.0360212,54,236,257,339,325,2312,129,122,5.74648,5.69014,-38.1406,-2.01285,-0.00488263,-0.0283589
1,0,0,0,0,-0.907408,-0.203209,0.0590286,0.0469099,-0.0375355,0.0295157,149,2033,2517,1627,2499,287,24,123,5.38028,5.6338,-16.6936,0.959167,0.000969589,0.0183659
0,0,1,0,0,-8.25845,1.16794,-0.848873,-0.0155163,0.0167404,0.00147188,7,108,244,2134,3437,3779,761,79,9.46479,9.15493,15.0075,-2.5943,0.0469572,0.00223386
0,1,0,0,0,-5.76947,-3.23198,0.724305,-0.1911,0.0314946,0.37512,1475,1272,1900,2506,856,2295,3595,127,9.88732,11.8592,-44.1806,-1.25571,-0.0123372,-0.0219474
1,0,0,0,0,0.220932,0.0560245,-0.52595,0.0115954,-0.0700331,-0.00981441,2102,3810,1899,446,124,27,6,92,12.8451,12.0845,-144.092,-0.42164,-0.012783,-0.000964224
0,0,1,0,0,-0.294051,-0.266445,1.02623,0.0661475,0.0560843,-0.179792,64,1416,3186,3781,2494,330,35,103,12.1408,10.9859,-15.0317,0.235292,0.0147387,-0.00212766
0,0,1,0,0,-0.330435,-1.05642,0.188725,0.078725,0.0140626,0.00089478,979,3578,2709,1956,507,22,7,73,12.3099,12.1127,-128.74,0.254658,0.00466479,-0.0261569
0,0,0,0,1,0.125368,0.169424,-0.0291891,0.00729531,-0.0101807,-0.00439175,5,20,51,164,618,2566,527,132,2.3662,2.19718,-43.3399,0.259901,-0.00148644,2.56E-05
0,0,1,0,0,-0.694832,-0.24373,-3.79039,0.0375015,0.40536,-1.8686,80,1413,3771,1651,2999,808,33,139,11.9718,-0.84507,-99.4597,-0.544822,0.00806788,-0.00145054
1,0,0,0,0,-1.1908,-0.639142,2.65882,-0.167379,-0.053273,-1.6225,1650,677,2046,1787,390,14,11,146,6.14085,-0.647887,-46.6163,-5.30049,0.0310559,-0.0344079
1,0,0,0,0,-1.32687,-0.464484,-0.224748,0.0183281,-0.282814,0.0118959,1113,2686,2263,2651,608,22,8,62,6.25352,6.05634,-128.527,0.334048,-0.0109736,-0.00703727
0,0,0,0,1,-0.116866,0.731857,-0.542095,-0.0337456,0.0884813,0.0525978,69,97,106,997,3775,1631,1952,84,12.2535,11.5211,-59.563,2.20235,0.0154471,0.00512806
0,0,1,0,0,-0.940147,-0.0301828,0.0897713,0.00211014,-0.00663327,0.135842,5,370,1173,2294,654,3821,358,113,2.95775,3.46479,4.40062,-0.549472,0.00520998,-0.00433531
1,0,0,0,0,-0.38831,-0.143586,-0.557108,0.00458563,-0.14672,-0.158518,271,2488,1523,2719,2108,147,37,137,6.8169,5.43662,-22.3719,-0.612044,-0.0083093,-0.0102122
0,0,1,0,0,-1.12143,-0.099653,0.10139,0.0385286,0.0452215,-0.112267,38,1109,2873,3318,2949,604,43,102,11.4648,10.5915,-10.4762,-0.595725,0.00978166,-0.00888794
0,0,0,0,1,0.449686,0.0877024,-0.00372124,-0.00181708,0.142455,-0.421285,29,52,72,951,3793,2444,2147,121,8.95775,6.14085,-62.5819,-0.0296875,0.0114097,-0.00030297
1,0,0,0,0,0.00233382,-0.518805,-0.125446,0.0292892,0.0124235,-0.772209,107,3821,952,69,19,15,2,63,7.40845,1.97183,-158.781,-3.28324,-0.0255545,0.0108188
0,0,0,0,1,-0.43483,0.308246,0.0512705,0.0118711,-0.0235987,0.0194988,16,28,52,957,3813,430,2207,124,1.94366,1.88732,37.9971,-0.786563,0.0039368,-0.000317827
0,0,1,0,0,-0.898604,-0.376073,0.399044,0.0406933,-0.0517922,-0.00924891,558,2408,348,3796,1390,42,5,129,12.6197,12.7324,-21.4288,1.93325,0.0170021,0.00545374
0,0,0,0,1,-0.2426,0.214432,0.0327129,-0.0145116,-0.045721,-0.035445,2,11,32,75,238,2164,14,118,2.8169,3.04225,61.3171,0.122467,0.00664264,-0.001188
1,0,0,0,0,-0.202299,0.13035,0.0968666,0.0099029,-0.0985455,0.0129446,130,1046,177,41,8,4,0,129,7.46479,7.21127,-78.3113,-1.4851,0.00373164,-0.00464513
0,0,1,0,0,-0.323191,0.150192,0.44173,-0.00640289,0.00360061,0.0491877,5,373,1127,2558,984,3815,309,135,5.88732,6.4507,104.702,-0.297402,-0.00491114,0.00529164
0,0,0,0,1,0.490654,0.204037,1.45101,-0.0604808,0.194384,0.00530993,144,398,359,364,501,2562,3325,152,12.1127,11.5493,57.5168,-0.253892,0.00279076,0.00122958
0,0,1,0,0,-0.0593753,-0.0244903,-0.00248623,-0.0215273,-0.0791982,-0.375874,17,223,566,2230,1450,3816,594,152,6.05634,3.32394,18.6683,0.21497,-0.00266725,-0.00103186
0,0,0,1,0,-17.1848,7.60186,-3.86511,-0.0818311,-0.147921,-0.871789,7,38,99,1486,3789,781,1635,63,11.9718,6.56338,122.531,1.43863,0.000302047,0.0130983
0,0,0,0,1,-1.47153,1.13154,2.01991,-0.0669729,-0.154019,-0.486202,349,244,209,1610,3813,2845,1427,130,13.2394,9.1831,29.4556,-0.23966,0.00659771,0.00472769
0,0,1,0,0,-11.6835,0.130703,0.2474,-0.00262343,0.0366459,0.199158,19,846,2765,1940,2663,1728,88,134,8.61972,10.0563,94.3054,0.0452129,-0.00983152,0.0114244
0,0,0,0,1,-0.0289562,0.0518377,-1.66708,-0.0411689,0.0687351,0.38585,12,128,278,1929,2759,3635,778,126,7.12676,10.4225,22.0839,-0.209408,0.00115131,-0.00344668
0,0,0,0,1,-0.185387,0.379073,-0.0594482,0.0195927,0.0632324,0.0172566,4,20,48,103,262,2184,16,116,4.08451,3.88732,63.9973,0.628066,0.00675566,0.0190815
1,0,0,0,0,-0.0389107,0.0740449,-1.17456,0.0690582,-0.0916873,0.0504787,643,3810,811,56,22,16,3,141,10.2535,10.1408,-60.8704,-0.514917,0.00781643,-0.00623101
1,0,0,0,0,-0.476166,-0.308238,0.0102434,0.0151319,-0.0299784,0.0234789,1272,1615,1368,3711,785,22,6,122,3.21127,2.98592,-28.8654,-0.103211,-0.00591376,0.00246604
1,0,0,0,0,0.0923997,0.23389,-0.268086,-0.00529452,0.0968381,0.0416411,1160,3789,2623,1337,362,19,8,116,12.1972,12.7887,-31.3101,0.210833,0.00921273,0.00437999
0,0,1,0,0,-0.420195,-0.504616,1.25302,-0.0407734,-0.0791914,-0.521147,78,1607,3754,2744,2691,436,20,135,8.50704,4.98592,-4.09932,0.259896,0.0121141,-4.76E-05
1,0,0,0,0,-0.48078,-0.156232,0.459664,0.00556222,0.0646915,0.0250574,189,2269,3363,3710,2179,197,159,113,8.3662,8.22535,79.493,1.89123,-0.000461265,0.00267875
0,0,0,0,1,0.293121,-0.193621,0.00223064,-0.00410775,0.00835157,0.312036,24,50,64,518,2219,3305,2398,119,7.07042,8.95775,44.9273,-0.960881,0.0109946,-0.00328431
1,0,0,0,0,-0.224103,-0.0342038,0.0176268,-0.00519245,-0.0249803,-0.0217701,1386,1542,1815,2742,557,16,5,115,2.56338,2.56338,-32.2181,-0.273719,0.00434107,-0.000937104
0,0,0,0,1,0.0237352,-0.196579,0.193755,0.0927668,0.0423343,-0.382645,640,360,360,2062,3482,3796,860,126,7.69014,4.42254,24.0342,-0.053976,0.00023371,-0.0107049
1,0,0,0,0,-0.107991,-0.0822385,0.18894,0.00641525,-0.0460461,-0.0198091,1218,2207,1989,2963,645,19,8,114,4.28169,3.71831,-29.8336,0.199538,0.00652629,-0.000798821
0,0,1,0,0,-0.197284,-0.0993314,0.0314474,0.0139193,0.00574461,-0.511861,1235,1336,3607,2076,3037,994,41,123,9.77465,5.52113,0.184124,-4.71401,0.0523605,-0.00885838
0,0,0,0,1,-0.303833,0.106293,0.596349,-0.00370625,-0.017654,0.533728,8,42,103,1558,3815,2224,1453,81,4.42254,8,113.742,0.340527,-0.00451145,0.0230879
0,0,1,0,0,-0.747016,0.0120975,0.407746,-0.0227241,-0.0129933,0.0381404,46,606,2064,2293,2205,3189,174,111,5.66197,5.69014,-1.48662,-1.87776,0.00306267,0.012252
0,0,0,0,1,-0.100609,-0.0529699,0.0762682,-0.00513448,-0.0268163,-0.0122081,12,37,80,1317,3798,51,1971,141,0.816901,0.704225,25.9611,-0.182213,0.00192463,0.000934884
0,0,0,0,1,0.228883,0.418851,-0.923514,-0.00872732,-0.184363,-0.00540909,18,65,97,261,715,2688,1319,111,4.98592,5.21127,139.658,0.776081,-0.000262111,-0.00638258
1,0,0,0,0,-0.410783,-0.452864,-0.454911,-0.0137522,0.00448363,-0.0221969,1992,885,2073,784,183,12,7,116,6.90141,6.70423,41.6484,0.148113,0.007278,0.00492881
1,0,0,0,0,-0.109611,0.13884,-0.249927,0.00224258,-0.00809148,0.0120943,1778,1875,2212,1386,298,14,4,85,3.6338,4.14085,45.8793,-0.514112,-0.000757441,0.0042254
0,0,0,0,1,0.01825,-0.145713,-0.0200367,-0.0087088,0.0109172,0.405782,3,14,38,63,70,1238,51,129,2.4507,5.23944,157.033,-1.15848,0.0040502,0.0105371
0,0,1,0,0,-0.310009,-0.565645,0.766426,0.0205933,0.0184067,-0.531146,1107,2125,1796,3356,826,41,30,120,11.7746,7.88732,164.596,-2.60548,-0.00737512,0.0183255
1,0,0,0,0,0.213972,-0.0461054,0.198457,0.023533,-0.0491564,0.086781,2025,1576,2047,690,164,16,9,119,3.43662,4.56338,62.3413,-0.718513,0.00180358,0.00480399
0,0,0,0,1,-0.369007,0.54042,-0.66945,0.0116874,0.091894,-0.0216719,2,10,27,48,52,980,151,148,12.7606,12.169,179.967,1.03682,-0.00577235,-0.0237212
1,0,0,0,0,-2.63297,-0.943467,0.641726,-0.0269859,-0.0864654,0.234313,574,2551,632,3793,1405,44,5,115,7.69014,8.78873,64.939,-0.636343,-0.010618,0.00731887
1,0,0,0,0,-0.420572,-0.297565,-0.214379,0.00383066,-0.024488,0.0998027,504,2689,633,3789,1637,54,6,129,1.49296,2.42254,67.0253,-0.918521,0.00047645,0.0140055
0,1,0,0,0,-0.17856,-0.160245,0.536249,0.00476691,0.0492405,0.0318387,1748,86,1956,1405,340,22,30,120,7.35211,6.73239,138.654,0.329163,-0.0088051,-0.0203093
1,0,0,0,0,0.00932169,-0.002397,0.125727,0.0347456,-0.127582,0.320407,1810,2002,2205,975,224,15,7,51,6.22535,7.88732,47.2839,0.183918,-0.00013268,0.00812612
0,0,0,0,1,-0.59443,0.199427,0.086072,-0.0239076,0.0288118,0.181519,12,23,46,738,3779,1341,2402,86,2.84507,3.94366,127.701,0.133539,-0.0045498,-0.00158101
0,0,0,0,1,-0.29376,0.274279,-0.111002,-0.00390633,0.054062,-0.00347208,2,22,57,93,72,976,134,122,8.02817,8.05634,162.87,0.326982,-0.00987723,-0.00792879
1,0,0,0,0,-0.0678284,0.0103344,0.102864,0.017312,0.046911,0.0184519,361,3801,792,55,18,15,2,65,4.92958,4.95775,25.3227,-0.150086,-0.00571342,0.00075534
0,0,0,0,1,-0.309413,0.0820704,0.361678,-0.029447,-0.0151705,0.00577307,45,182,210,306,376,2400,1187,122,10.3099,10.8732,146.942,-0.403675,0.0041793,-0.00242737
0,0,0,0,1,-0.368984,-0.0531001,0.0453358,0.00818189,-0.0197165,0.394002,7,126,322,1871,1437,2665,899,154,0.929577,3.35211,110.716,0.00129063,-0.00701768,0.012989
0,0,0,0,1,-0.279979,-0.0241727,-0.146333,0.0149887,-0.0318991,0.556535,7,8,20,408,2724,2001,2553,55,1.01408,4.4507,-136.067,-0.175978,0.00338358,-0.0010421
0,0,1,0,0,-0.370051,-0.14797,-0.164059,0.0120848,-0.00802075,0.0464024,122,1961,1633,637,2605,363,14,106,2.78873,3.09859,79.5922,-0.377584,0.00149622,0.00336325
1,0,0,0,0,-0.186192,-0.235335,-0.100911,0.0116021,0.0778868,0.027778,974,2275,1441,3740,942,28,8,69,4.61972,4.95775,61.8067,0.33237,-0.0010469,-0.003437
1,0,0,0,0,-0.664236,-0.227569,0.0239086,-0.00397646,-0.00603066,-0.0124244,1366,1264,1600,2943,592,16,6,86,1.52113,1.91549,56.5638,-0.497129,0.00940786,0.00476795
0,0,0,0,1,-0.678345,0.64038,0.274446,-0.0196674,0.0241705,-0.485242,38,83,126,1501,3587,136,1826,126,4.08451,0.929577,121.105,0.272336,-0.0109363,-0.00132412
1,0,0,0,0,0.214073,-0.0863954,-0.621716,0.0378901,0.119065,-0.402887,246,2398,3120,3792,1926,100,18,112,10.338,6.95775,165.416,0.44845,-0.0127738,-0.0131787
0,0,0,0,1,-0.278805,0.248654,0.000256538,-0.00299079,-0.0565692,0.334322,5,51,139,1617,2677,320,1467,125,2.98592,5.29577,-151.121,-2.02387,-0.0159438,0.00650856
0,0,1,0,0,-0.898225,0.0958123,0.957439,0.0266733,-0.0962348,0.556459,18,799,2361,2730,3392,1351,214,118,7.60563,11.8028,-167.738,2.09392,-0.0168931,-0.0169569
0,0,0,0,1,-0.119428,-0.0720808,0.801332,0.0254252,0.053479,0.0465488,1,5,31,122,599,2601,756,97,8.02817,7.97183,-114.717,-0.892586,-0.0161078,-0.00789255
