num_particles,robot_radius_m,square_size_m,selection_strategy,weight_strategy,clear_x_y_noise,clear_theta_noise,collide_x_y_noise,collide_theta_noise,,,,,,
1000,0.2032,0.1,RankProportion,BoundingBoxArea,0.0007,0.0002°,0.032,0.6200°,,,,,,
,,,,,,,,,,,,,,
succeeds,num_iterations,transcript_length,duration,mean_iteration_time,max_iteration_time,closest_particle_rank,closest_particle_to_actual,best_particle_to_actual,farthest_particle_to_actual,odometry_to_actual,open_frontier,all_frontier,all_space,num_obstacles
0,12096,124057,6.3345421,0.523732294,5.8917,,,,,,,,,
0,12096,124057,6.2817438,0.519366995,2.1682,,,,,,,,,
0,11726,124057,6.0801287,0.518561083,1.9441,,,,,,,,,
0,12096,124057,6.3669349,0.526410492,1.9174,,,,,,,,,
0,12096,124057,6.4917316,0.536728532,1.8757,,,,,,,,,
0,12096,124057,6.2672664,0.518170021,1.8537,,,,,,,,,
0,9434,124057,4.1652237,0.441558751,1.9543,,,,,,,,,
0,9431,124057,4.1972097,0.445091166,1.8832,,,,,,,,,
0,12096,124057,6.4073773,0.529754221,1.9844,,,,,,,,,
0,12096,124057,6.2430045,0.516164076,1.9399,,,,,,,,,
0,9435,124057,4.1362077,0.438436262,1.9598,,,,,,,,,
0,9764,124057,4.3080233,0.441260197,2.2648,,,,,,,,,
0,12096,124057,6.3960445,0.528817239,1.5934,,,,,,,,,
0,12096,124057,6.3248995,0.522935056,1.8761,,,,,,,,,
0,12096,124057,6.3100957,0.521711095,1.7015,,,,,,,,,
0,9885,124057,4.5398584,0.459313881,3.0719,,,,,,,,,
0,6762,124057,2.4575199,0.363484677,1.8125,,,,,,,,,
0,9429,124057,4.1478448,0.439949597,1.8318,,,,,,,,,
0,6761,124057,2.4762877,0.366314749,1.6501,,,,,,,,,
0,12096,124057,6.3225488,0.522740703,1.6344,,,,,,,,,
0,12096,124057,6.2874297,0.519837098,1.6867,,,,,,,,,
0,12096,124057,6.4164154,0.53050148,1.7676,,,,,,,,,
0,9434,124057,4.1423846,0.43913756,1.6229,,,,,,,,,
0,6763,124057,2.4991205,0.369583038,1.9212,,,,,,,,,
0,9432,124057,4.1478735,0.439812692,1.6308,,,,,,,,,
0,9430,124057,4.1534983,0.440502524,1.6561,,,,,,,,,
0,9764,124057,7.1526369,0.732626949,2.2859,,,,,,,,,
0,12096,124057,13.2273226,1.093619066,2.5707,,,,,,,,,
0,12096,124057,12.6308693,1.044305027,3.9072,,,,,,,,,
0,9431,124057,8.3381083,0.884210848,2.1136,,,,,,,,,
0,9764,124057,8.6044522,0.881332808,2.3703,,,,,,,,,
0,9764,124057,8.6812891,0.889203022,2.3244,,,,,,,,,
0,5661,124057,3.7386807,0.660544293,2.7512,,,,,,,,,
0,9432,124057,7.9104504,0.838771117,2.6289,,,,,,,,,
0,12096,124057,12.9557249,1.071163696,2.7605,,,,,,,,,
0,9431,124057,7.8301783,0.830347646,2.4858,,,,,,,,,
0,5661,124057,3.5718572,0.631070177,2.3389,,,,,,,,,
0,9433,124057,7.8062986,0.827639801,2.5595,,,,,,,,,
0,12096,124057,12.1174399,1.001855304,3.992,,,,,,,,,
0,12096,124057,12.7856214,1.057099744,2.2571,,,,,,,,,
0,5661,124057,3.6113486,0.638047456,2.6478,,,,,,,,,
0,6763,124057,4.5516678,0.67312449,2.766,,,,,,,,,
0,6762,124057,5.4856066,0.811360243,2.4328,,,,,,,,,
0,6762,124057,4.7425445,0.701456072,3.0324,,,,,,,,,
0,12096,124057,11.7395738,0.970613791,2.8017,,,,,,,,,
0,9432,124057,7.6494494,0.811096321,2.5921,,,,,,,,,
0,12096,124057,6.4765977,0.53547728,1.8267,,,,,,,,,
0,9885,124057,4.6396646,0.469411635,2.1795,,,,,,,,,
0,12096,124057,6.3974591,0.528934196,1.6519,,,,,,,,,
0,12096,124057,6.5070892,0.53799828,1.5884,,,,,,,,,
0,9764,124057,4.4208401,0.452815743,1.7509,,,,,,,,,
0,6763,124057,2.5541302,0.37771816,1.582,,,,,,,,,
0,6986,124057,2.6671253,0.38183612,2.0717,,,,,,,,,
0,9428,124057,4.3637998,0.462904402,1.8082,,,,,,,,,
0,12096,124057,6.5383456,0.540582522,2.0104,,,,,,,,,
0,12096,124057,6.4417581,0.532596784,1.6429,,,,,,,,,
0,12096,124057,6.3789154,0.527401025,1.6771,,,,,,,,,
0,12096,124057,7.739527,0.63989475,1.6938,,,,,,,,,
0,9430,124057,8.2966153,0.879904051,4.2821,,,,,,,,,
0,12096,124057,13.8082074,1.14164592,2.6185,,,,,,,,,
0,9431,124057,9.2688171,0.982907434,3.4236,,,,,,,,,
0,12096,124057,13.3706265,1.105467259,3.3227,,,,,,,,,
0,6762,124057,4.7294995,0.699526623,4.3916,,,,,,,,,
0,12096,124057,13.0492302,1.078894601,2.2776,,,,,,,,,
0,12096,124057,13.0160621,1.076152303,2.5004,,,,,,,,,
0,11726,124057,12.0024976,1.023667173,4.5445,,,,,,,,,
0,12096,124057,13.1531737,1.087488524,2.9773,,,,,,,,,
0,6762,124057,4.9650657,0.73436854,2.0218,,,,,,,,,
0,6763,124057,4.8758731,0.721069669,3.8172,,,,,,,,,
0,9432,124057,8.0439168,0.852922999,3.19,,,,,,,,,
0,9432,124057,8.0955714,0.858400106,2.4436,,,,,,,,,
0,16207,124057,64.3790453,3.972543829,5.320360283,,,,,,,,,
0,6987,124057,4.8105014,0.688591669,3.8948,,,,,,,,,
0,12096,124057,13.9064122,1.149765374,3.6461,,,,,,,,,
0,12096,124057,12.7922377,1.057646771,2.6562,,,,,,,,,
0,9432,124057,8.210841,0.870622521,3.0756,,,,,,,,,
0,12096,124057,12.7066042,1.050566697,4.0334,,,,,,,,,
0,5661,124057,3.6902045,0.651979594,2.9446,,,,,,,,,
0,9431,124057,8.4363055,0.894624125,3.358,,,,,,,,,
0,9433,124057,8.1898266,0.868302226,2.6267,,,,,,,,,
0,12096,124057,12.7798624,1.056623597,3.6493,,,,,,,,,
0,12096,124057,12.962488,1.071722861,3.7187,,,,,,,,,
0,12096,124057,12.4158183,1.02652487,2.4153,,,,,,,,,
0,5661,124057,1.9741182,0.348784134,1.6232,,,,,,,,,
0,12096,124057,6.4181821,0.530647549,2.4159,,,,,,,,,
0,12096,124057,6.4605799,0.534152947,1.6622,,,,,,,,,
0,9885,124057,4.5996966,0.465367928,1.742,,,,,,,,,
0,11726,124057,6.155438,0.524984051,1.6487,,,,,,,,,
0,16380,124057,10.4089527,0.635505995,2.5652,,,,,,,,,
0,12096,124057,6.559311,0.542315916,1.712,,,,,,,,,
0,12096,124057,6.689084,0.553045391,1.7033,,,,,,,,,
0,9885,124057,4.6518826,0.470647774,1.5814,,,,,,,,,
0,9432,124057,4.2138222,0.44680545,1.7881,,,,,,,,,
0,12096,124057,6.539646,0.540690037,1.6933,,,,,,,,,
0,12096,124057,6.6273569,0.547941869,1.6088,,,,,,,,,
0,12096,124057,6.5127747,0.538468351,2.0463,,,,,,,,,
0,9885,124057,4.7248101,0.478026113,1.944,,,,,,,,,
0,5661,124057,1.9409272,0.34292,1.6773,,,,,,,,,
0,9430,124057,4.1797737,0.443289182,1.8655,,,,,,,,,
0,12096,124057,6.4528034,0.533509996,1.9577,,,,,,,,,
,,,,,,,,,,,,,,
Median,9885,,,,,,,,,,,,,
Min,5661,,,,,,,,,,,,,
Max,16380,,,,,,,,,,,,,
Mean,10333.87,,,,,,,,,,,,,
Stdev,2287.691716,,,,,,,,,,,,,
