num_particles,robot_radius_m,square_size_m,selection_strategy,weight_strategy,clear_x_y_noise,clear_theta_noise,collide_x_y_noise,collide_theta_noise
2000,0.2032,0.1,RankProportion,MinPose,0.0007,0.0002°,0.032,0.6200°

succeeds,num_iterations,transcript_length,duration,mean_iteration_time,max_iteration_time,closest_particle_rank,closest_particle_to_actual,best_particle_to_actual,farthest_particle_to_actual,odometry_to_actual,open_frontier,all_frontier,all_space,num_obstacles,map_area
1,4878,4878,5.3889731,1.104977055566947,3.6082,471,1.205531489377453,1.5451032305900987,1.5592745539646027,1.8004514246672472,54,96,871,30,13.76
1,4878,4878,7.2592105,1.4884581710067666,1.8229,39,1.008290503134685,1.3163520824806632,1.4563055855528408,1.8004514246672472,53,99,865,29,13.33
1,4878,4878,8.408837,1.724182284191101,2.3779,390,0.9048106752755083,1.985333204094054,2.003234369461199,1.8004514246672472,56,98,861,28,13.33
1,4878,4878,8.1197892,1.6649147426696738,2.6085000000000003,59,1.0551772456054593,2.0395015088052095,2.0395015088052095,1.8004514246672472,56,97,869,30,13.33
1,4878,4878,7.9483564,1.6297634611441458,1.7596,2,1.0564527624572282,1.110702905195291,1.9891359791778584,1.8004514246672472,50,94,868,28,13.33
1,4878,4878,8.2194808,1.6853559155218372,2.26,2,1.0056169225495928,1.8140970525162772,1.8140970525162772,1.8004514246672472,51,95,854,31,13.33
1,4878,4878,7.8034488,1.600051014968218,2.7228,828,1.1256094095648117,2.0754186586477488,2.0754186586477488,1.8004514246672472,51,92,829,30,13.33
1,4878,4878,8.4454424,1.731688004921058,3.3463,73,1.0647431873570687,2.2427723606080487,2.2561775664538257,1.8004514246672472,59,103,871,30,14.080000000000002
1,4878,4878,8.8823206,1.8212672954685256,2.341,176,1.0567096452109752,1.3966859917406471,1.4862604554319294,1.8004514246672472,53,98,866,29,13.33
1,4878,4878,7.8321366999999995,1.6059332991593191,3.2906,841,1.1214451164043449,1.798884846868739,1.8457253605420596,1.8004514246672472,51,95,853,30,13.76
1,4878,4878,9.1630847,1.8788363133073613,1.8793113331959614,19,1.1480108956063217,1.2803533204240767,1.7788593226879716,1.8004514246672472,53,100,850,27,13.020000000000001
1,4878,4878,9.1760858,1.8815021119540698,2.4323,3,1.003871933836753,1.0754198580386245,2.0054604856704645,1.8004514246672472,56,105,849,28,13.020000000000001
1,4878,4878,8.7551795,1.7951977650194793,2.9778000000000002,9,0.9301882652082573,1.8142419455150445,1.8142419455150445,1.8004514246672472,55,106,875,29,13.440000000000001
1,4878,4878,9.7067209,1.9903057002255486,2.2834000000000003,7,1.2363713786183332,1.2439301585711826,1.5580627647122516,1.8004514246672472,50,92,837,29,12.899999999999999
1,4878,4878,9.2615565,1.8990273733852776,2.3337000000000003,70,1.0697941018581578,1.8471604035629825,1.9835414541808134,1.8004514246672472,54,101,841,29,13.020000000000001
1,4878,4878,9.5529968,1.9587854828788192,1.958918051282051,326,1.071649018651473,1.8855940281677896,2.042077884166614,1.8004514246672472,59,107,853,28,12.899999999999999
1,4878,4878,9.1718705,1.8806377896247695,2.8644,154,1.1664003988169744,1.4424785828147924,1.6578478224488196,1.8004514246672472,62,106,840,28,13.76
1,4878,4878,9.1183702,1.8696678695919622,1.9763,4,1.1930319588895675,1.1998401868930038,2.0303181120078726,1.8004514246672472,52,93,837,28,12.899999999999999
1,4878,4878,9.9157753,2.03317106827968,2.3141,5,1.1177105765103048,1.739033002876795,1.739033002876795,1.8004514246672472,62,105,859,29,13.640000000000002
1,4878,4878,8.762778,1.7967557924953865,2.2995,1,1.1809987163955866,1.1809987163955866,2.045447974974524,1.8004514246672472,55,97,832,28,13.33
1,4878,4878,9.638201,1.9762561000615133,2.6309,5,1.1760865163946899,1.3498620929255432,1.921018247192846,1.8004514246672472,50,94,855,30,13.33
1,4878,4878,9.5722404,1.962731269222883,1.962731269222883,356,1.0632019942553153,1.9290186428785776,1.9290186428785776,1.8004514246672472,57,100,854,29,13.020000000000001
1,4878,4878,10.066026,2.0639790855033837,2.2535,27,1.0226398627904425,1.7371861646798754,1.8673448159891541,1.8004514246672472,59,104,858,28,13.020000000000001
1,4878,4878,10.3928788,2.1309983186385075,2.502,13,0.9478685139260146,1.012450770419681,2.340968604435159,1.8004514246672472,53,100,855,30,13.76
1,4878,4878,10.2348126,2.098587779372565,3.6378,20,1.0506569960253862,1.8722394755077207,1.8834147468341123,1.8004514246672472,60,105,842,27,13.33
1,4878,4878,9.8052059,2.0104994668853804,2.9015,92,1.1360803392376086,2.3234637126833517,2.3234637126833517,1.8004514246672472,41,88,838,30,13.020000000000001
1,4878,4878,7.0481275,1.4451768505228624,3.5679000000000003,9,1.0535925077659378,1.687298966614942,1.687298966614942,1.8004514246672472,56,98,864,28,13.33
1,4878,4878,5.4925458,1.1262140250153783,1.766,491,1.0720529647514205,1.8260963977459128,1.848622047217697,1.8004514246672472,59,102,834,30,13.76
1,4878,4878,5.4077959,1.1088365593602625,1.7637,1606,1.6197048692993998,1.9995810765848954,2.0725569400623924,1.8004514246672472,44,86,815,28,11.890000000000002
1,4878,4878,5.3640813,1.0998731392249332,1.7651999999999999,5,1.0296556988048653,1.1111354127056814,1.8435580032974472,1.8004514246672472,52,96,851,28,13.33
1,4878,4878,5.5076239000000005,1.1293057002255487,1.7501,638,1.0223615469815042,1.1441918356550536,2.2296788325469628,1.8004514246672472,54,100,866,28,13.640000000000002
1,4878,4878,5.6446562,1.1574033627229856,1.9285999999999999,17,0.9878361708024299,1.9589973511665424,1.9589973511665424,1.8004514246672472,55,102,853,28,13.33
1,4878,4878,5.3771374,1.1025502152962887,1.7470999999999999,21,1.0577754904320746,2.0797030772266725,2.0797030772266725,1.8004514246672472,56,103,853,29,13.020000000000001
1,4878,4878,5.3588456,1.0987995899118312,1.7878,5,1.0065785279116222,1.083986442859308,1.3819128638462617,1.8004514246672472,63,105,878,29,14.080000000000002
1,4878,4878,9.3525147,1.9176778142300595,1.9177153498871333,3,1.010735050159825,1.1687636347291805,2.3663774391524726,1.8004514246672472,55,103,875,31,13.76
1,4878,4878,10.4071929,2.133933340168136,2.7197,5,1.0658967654705602,1.1106165598800462,1.3743227809027612,1.8004514246672472,61,100,852,27,13.200000000000001
0,4415,4878,10.1583393,2.3013908699592207,3.0672
1,4878,4878,11.5932351,2.377124277219602,4.3907,7,1.1270198016227606,1.2322271560681264,1.4843404194113676,1.8004514246672472,50,93,838,28,13.33
1,4878,4878,10.1247656,2.0760232930079967,3.3687,11,1.0860158154262582,1.1157187419249228,2.0660659891289197,1.8004514246672472,49,95,837,28,13.020000000000001
1,4878,4878,9.3540718,1.9179970883740003,2.575,83,1.144267355910444,1.16477154868788,1.4914480708558588,1.8004514246672472,49,96,840,29,12.899999999999999
1,4878,4878,10.3875922,2.1299143325815053,2.7941,517,1.2080768317553454,2.354232625320565,2.362639949099748,1.8004514246672472,46,87,842,30,12.899999999999999
1,4878,4878,10.3747533,2.127281792085298,3.246,8,0.9260825502386514,1.886154470530118,1.886154470530118,1.8004514246672472,52,99,841,29,13.020000000000001
1,4878,4878,10.3402453,2.1202061308181257,4.223,4,1.0529896948308042,1.0588328035430619,1.940579158996375,1.8004514246672472,49,96,868,29,13.33
1,4878,4878,9.9487928,2.039941111338938,4.9596,3,1.1313336972963202,1.2195237507102066,2.2695222588771573,1.8004514246672472,61,107,861,27,13.76
1,4878,4878,10.7351997,2.2011891941767483,2.4027,65,1.0279031505541836,1.7710886051618004,1.7710886051618004,1.8004514246672472,52,95,873,31,12.899999999999999
1,4878,4878,9.9594952,2.0421355751486567,2.7641,101,1.0139589823323196,1.3169500675671102,1.4296188461681556,1.8004514246672472,59,106,860,28,13.020000000000001
1,4878,4878,9.5228419,1.9526023990157884,2.8319,685,1.0565505114883265,1.94715328936294,1.9542369152601924,1.8004514246672472,57,99,832,29,12.899999999999999
1,4878,4878,10.636057600000001,2.1808606930490058,2.5753999999999997,73,1.1010251836799063,1.9898093957552094,1.9898093957552094,1.8004514246672472,65,106,876,31,13.76
1,4878,4878,10.6083224,2.175173754357187,3.0531,3,1.1000566577894078,1.10120428389496,2.050166531172152,1.8004514246672472,47,91,854,29,13.440000000000001
1,4878,4878,10.7329133,2.200720381381997,4.7147,51,1.8079141830998593,1.8590033733585587,2.0513321377857494,1.8004514246672472,48,95,817,31,13.340000000000003
1,4878,4878,10.300891,2.112136764404347,2.7438,1,1.259525944594936,1.259525944594936,2.01165579434991,1.8004514246672472,50,94,841,29,13.33
1,4878,4878,10.2585712,2.103459339758048,2.103459339758048,1,1.908888352870978,1.908888352870978,2.333643363816905,1.8004514246672472,85,123,874,28,15.680000000000001
1,4878,4878,9.9975868,2.0499460323969654,5.0823,383,1.163160000282815,2.0456233802855235,2.0725774870106206,1.8004514246672472,55,98,848,27,13.640000000000002
1,4878,4878,9.9527292,2.0407482468730778,2.1502000000000003,1005,1.594461804108766,2.37401472245023,2.4210403702420193,1.8004514246672472,45,86,801,29,12.180000000000001
1,4878,4878,9.8431562,2.018280951404552,2.6273,626,1.2267191389575773,2.239727061700781,2.246960841551874,1.8004514246672472,53,97,841,28,13.33
1,4878,4878,9.4828294,1.944398072585606,3.1595999999999997,1,1.0597180216926456,1.0597180216926456,1.4778898923068262,1.8004514246672472,48,94,846,29,13.33
1,4878,4878,9.8341317,2.0164305310641786,2.2066,560,1.0185325699751222,1.5632606490910732,1.5665336186882306,1.8004514246672472,53,94,863,27,12.600000000000001
1,4878,4878,9.9270153,2.035475763789215,2.0368810872261265,81,1.0382746382315888,1.0839561837180394,1.8521625166824616,1.8004514246672472,53,98,875,29,13.33
1,4878,4878,9.705635000000001,1.9900830428542138,2.9779,14,0.9881809234260757,1.944284966345654,1.9819295165497564,1.8004514246672472,57,100,861,28,13.76
1,4878,4878,9.7059852,1.990154849292598,2.3659000000000003,1,1.0547707736502927,1.0547707736502927,1.4077218480053157,1.8004514246672472,52,95,846,28,13.33
1,4878,4878,10.160863,2.083424851343039,2.7138,18,1.021821175516502,1.1679689643410662,2.077166868457175,1.8004514246672472,68,106,858,27,13.33
1,4878,4878,9.6435537,1.9773536395324995,5.3602,3,1.1798544286792096,1.1870464585487774,1.6155679595990993,1.8004514246672472,53,91,825,29,13.200000000000001
1,4878,4878,9.389178,1.9251954070125077,3.0726,3,1.1179998838963672,1.205151144116175,1.8775343539163718,1.8004514246672472,58,97,860,28,12.899999999999999
1,4878,4878,8.932277299999999,1.831510621283576,2.264,22,1.5881319139389216,1.7832413808493162,1.9527097233887034,1.8004514246672472,42,87,805,29,11.890000000000002
1,4878,4878,9.3265905,1.9123622103752307,2.2279999999999998,13,1.0052809874458626,1.8230216169906275,1.8342845369524916,1.8004514246672472,67,112,841,28,13.76
1,4878,4878,9.4265082,1.9328497436948944,5.4554,13,1.0237826438148945,1.861582097006527,1.861582097006527,1.8004514246672472,59,102,848,28,13.33
1,4878,4878,9.0610973,1.8579244002460529,4.0322,304,1.236452408807216,1.4871307598012184,1.8568027717096585,1.8004514246672472,45,89,846,28,13.020000000000001
1,4878,4878,9.2772121,1.9022374615542343,2.6143,45,0.9887953732579137,1.7620707352148288,1.7673116840057663,1.8004514246672472,59,98,848,29,13.640000000000002
0,4661,4878,8.3578253,1.7935247424892704,3.5118
1,4878,4878,9.0177271,1.8490315972934181,2.1072,48,0.9450297140812148,1.9208026724120795,1.9208026724120795,1.8004514246672472,66,111,862,30,13.33
1,4878,4878,8.9130353,1.8275651630100473,3.0557000000000003,71,1.1240604213822714,1.9668732960034039,1.9668732960034039,1.8004514246672472,54,102,858,29,13.640000000000002
1,4878,4878,8.7922738,1.8028037318023378,2.6309,3,1.0341777255699829,1.0475652643420499,1.5037998290025292,1.8004514246672472,58,100,845,30,13.020000000000001
1,4878,4878,9.5904991,1.9664751076481446,1.9673088289771556,132,1.0850173026926975,1.9508187980077762,1.9516817730040912,1.8004514246672472,56,98,850,31,13.33
1,4878,4878,10.1086642,2.0727217961861797,2.8417999999999997,56,1.119746296436792,1.9527524450540201,1.954793838892278,1.8004514246672472,52,97,848,28,13.200000000000001
1,4878,4878,10.1065591,2.072290157883945,2.8332,34,1.1489385196114645,1.772180215873345,1.772180215873345,1.8004514246672472,57,97,851,28,13.33
1,4878,4878,10.1935006,2.090116998154603,2.6991,4,1.0533578928227891,1.1409987259021728,1.9292155424828377,1.8004514246672472,63,108,864,27,13.020000000000001
1,4878,4878,10.4778971,2.148430818125897,2.2525,12,1.7875238297034115,1.90271771708971,2.303176471419113,1.8004514246672472,50,92,812,30,12.3
1,4878,4878,9.8297787,2.0155379741644457,2.5248,1388,1.696707277525111,1.9226438589230512,1.9820414925630339,1.8004514246672472,57,94,814,28,12.760000000000003
0,4660,4878,9.3950111,2.0165295342348144,3.0483
1,4878,4878,9.8346195,2.016530551568587,2.7794999999999996,452,1.0928481088346254,1.3457125302249897,1.4310307427211257,1.8004514246672472,57,100,852,28,13.33
1,4878,4878,9.6847008,1.985790608980931,3.1629,2,0.9879910166543194,1.1050982134706893,1.421220223298559,1.8004514246672472,59,102,839,28,13.33
1,4878,4878,9.8185217,2.0132297929054745,2.5201,151,1.1423591489607703,1.9290099090404618,1.9290099090404618,1.8004514246672472,51,92,853,28,13.33
1,4878,4878,9.9846535,2.047294135739184,2.5568,863,1.1080089638518142,1.4686696900841407,1.6307867378643561,1.8004514246672472,53,96,849,30,13.33
1,4878,4878,10.7222448,2.198532868566742,3.1151,18,1.009701772391547,1.9937968673948754,1.9937968673948754,1.8004514246672472,54,93,858,30,13.33
1,4878,4878,10.1738171,2.086081012917777,3.8552,91,0.9755764578058914,2.0299784797674754,2.0299784797674754,1.8004514246672472,55,99,855,29,13.33
1,4878,4878,11.1626127,2.288827701455813,2.291090631491483,111,1.1462097025975575,2.179309498264411,2.22569052555472,1.8004514246672472,48,93,851,29,13.33
1,4878,4878,12.255892,2.5129981546032396,4.2568,1412,1.2141895585165756,2.3426632058848513,2.3426632058848513,1.8004514246672472,55,99,825,29,13.020000000000001
1,4878,4878,8.7112055,1.7861811564486365,4.7162999999999995,135,1.1247083587784552,1.4969605642106767,1.512374286185544,1.8004514246672472,75,115,857,27,13.5
1,4878,4878,5.4336768,1.1141432848062334,1.7268999999999999,53,1.2568353161161356,1.3517313007033949,2.0746377974741974,1.8004514246672472,43,88,866,29,14.080000000000002
1,4878,4878,5.5584516,1.1397276194381791,1.7404,116,1.1080775362638333,1.891489317568057,1.913439220103163,1.8004514246672472,55,101,851,28,13.640000000000002
1,4878,4878,5.4680414,1.1211895427516916,2.2302,45,1.0915500570715975,1.9880247382206082,1.9909046391429897,1.8004514246672472,56,97,861,27,13.33
1,4878,4878,5.5151253,1.130843817920853,1.7826,191,0.9849524108155421,2.2362674084411176,2.2525304791906655,1.8004514246672472,58,101,852,29,13.020000000000001
1,4878,4878,5.5156383,1.1309490055361902,1.7473,126,1.6658352353208237,1.7155843519577427,1.9028273649069747,1.8004514246672472,60,97,825,26,12.760000000000003
1,4878,4878,5.4261587,1.1126017428747181,1.7415,101,1.1369771173489982,1.2256088581881839,1.5692192788288646,1.8004514246672472,54,97,839,30,13.33
1,4878,4878,5.5105859,1.1299130408037728,1.9439,12,0.9601497793360629,2.2271800068605914,2.2271800068605914,1.8004514246672472,57,104,842,29,13.020000000000001
1,4878,4878,5.6900311,1.1667072175517734,2.3615,108,0.9954821258512279,1.980940868013681,1.980940868013681,1.8004514246672472,60,102,858,29,14.080000000000002
1,4878,4878,5.6178917,1.1519154603239696,1.7388,79,0.9776595358427338,1.0196489286121613,1.3277511223754315,1.8004514246672472,50,97,846,29,12.899999999999999
1,4878,4878,5.5704264,1.1421829813409883,2.0208,1564,1.584064269672896,1.8582391123534039,2.208237749573184,1.8004514246672472,45,85,804,28,11.890000000000002
1,4878,4878,6.9382745,1.4226521427106829,1.8944999999999999,408,1.1002626218092466,2.0490632237300446,2.0490632237300446,1.8004514246672472,65,103,864,31,13.950000000000001
1,4878,4878,9.7528136,1.999756735698175,3.411,4,0.9478509784207322,1.1077519292049034,1.5626262384674312,1.8004514246672472,57,100,852,28,13.76
1,4878,4878,9.9335076,2.0368069714988724,2.3933,147,1.112190242555933,1.4205877334045018,1.4805968087963675,1.8004514246672472,58,99,862,30,13.33
1,4878,4878,5.6856479,1.1658084683206889,2.2001,2,1.2966353721276425,1.3326574299888982,2.403612288796628,1.8004514246672472,45,85,865,29,13.640000000000002
1,4878,4878,5.6473102,1.1579475497231904,1.7614,197,1.1861481695596452,2.0568760212460524,2.0771255455600226,1.8004514246672472,49,100,861,29,13.76
1,4878,4878,5.8176549,1.1928757227803977,1.9757,11,1.0269825438402491,1.0347623986696122,1.4524514423038337,1.8004514246672472,48,92,843,28,13.020000000000001
1,4878,4878,5.4294683,1.113280356776707,1.8381999999999998,21,1.0183783540044253,1.9283008012556833,1.9283008012556833,1.8004514246672472,52,95,875,29,13.33
1,4878,4878,5.5605582,1.140159565306541,1.9211,4,0.9938393749078588,1.7260841167069423,1.7260841167069423,1.8004514246672472,50,96,864,30,13.33
1,4878,4878,5.3406678,1.095072339553004,1.7548,1,1.0420911128570667,1.0420911128570667,1.4621733502787746,1.8004514246672472,51,95,845,29,13.020000000000001
1,4878,4878,5.6217182,1.1527000615132255,1.7203,287,1.5594910830406388,1.8197528892470254,1.9284207077871214,1.8004514246672472,46,85,816,27,12.3
1,4878,4878,7.4555558,1.5287176132868567,1.8,20,1.0205757052634417,1.1534750129038747,1.35843542079816,1.8004514246672472,59,100,883,28,13.33
1,4878,4878,9.2469669,1.896035862210375,3.8446000000000002,1181,0.9839441706676247,1.951818868928969,1.951818868928969,1.8004514246672472,61,103,858,29,13.33
1,4878,4878,10.3354587,2.1192246668033627,3.3735000000000004,6,1.0793391140959416,1.3098434634610365,1.5142429899079872,1.8004514246672472,65,107,861,28,14.4
1,4878,4878,10.0483617,2.0603571252819357,2.5145,107,1.023991331521015,1.9312491359993837,1.9312491359993837,1.8004514246672472,56,99,862,29,13.33
1,4878,4878,11.4610441,2.35001929464835,4.0165,8,1.7637650548249963,1.9095882121456464,2.019194037294927,1.8004514246672472,64,104,823,29,13.630000000000003
1,4878,4878,10.2151323,2.09455245027681,4.3056,23,1.0738131555086274,1.2284408371301097,1.3860253581072834,1.8004514246672472,49,96,850,29,13.020000000000001
1,4878,4878,10.3418169,2.120528378101292,3.277,31,1.154944884627529,1.8483953190731046,1.8483953190731046,1.8004514246672472,48,93,860,28,13.33
1,4878,4878,9.9138005,2.0327661472216527,2.3506,248,1.1707447531777497,1.3717681107294046,1.4822818381463014,1.8004514246672472,55,96,846,29,12.899999999999999
1,4878,4878,10.4186741,2.136287492310847,3.4179000000000004,216,1.101041771722634,2.1737894678069205,2.1737894678069205,1.8004514246672472,53,97,851,29,13.020000000000001
1,4878,4878,8.4501094,1.732644945663318,2.6441,928,1.067129153636383,1.9470425686678496,1.9470425686678496,1.8004514246672472,46,93,839,29,13.440000000000001
1,4878,4878,5.5630612,1.1406727906499898,1.7337,37,1.6757992892696687,1.7352257810841547,2.3932734820344144,1.8004514246672472,44,86,821,29,12.600000000000001
1,4878,4878,5.3745782,1.1020254664752922,1.7470999999999999,29,1.00549910628336,1.2343358770275235,1.3447449026007843,1.8004514246672472,67,108,883,29,14.520000000000003
1,4878,4878,5.7094924,1.1706976419930286,1.7645,39,1.0315091424945144,1.2356571538423504,1.4912756292384353,1.8004514246672472,54,95,864,29,13.020000000000001
1,4878,4878,5.5866945,1.1455186590116877,2.1738999999999997,1738,1.2664777671485137,2.3458927221601087,2.3622340712695347,1.8004514246672472,51,89,827,30,13.020000000000001
1,4878,4878,5.8139653,1.192119192126307,1.766,56,1.0484036866944941,1.8989218603455689,1.8989218603455689,1.8004514246672472,47,92,852,29,13.33
1,4878,4878,5.7219347,1.1732488620053312,1.7629,68,1.0910557813324955,2.01970487882415,2.027647344273268,1.8004514246672472,53,95,833,31,13.020000000000001
1,4878,4878,5.3996323,1.1071626614722165,1.7535,64,1.1245429163258662,1.9626221276159812,1.9700342779486484,1.8004514246672472,47,90,856,30,13.020000000000001
1,4878,4878,5.312366,1.0892692228829197,2.006,33,0.9790069409751644,1.7860104398134158,1.7860104398134158,1.8004514246672472,54,100,860,29,13.440000000000001
1,4878,4878,5.6727529,1.1631644248513429,1.8317999999999999,204,1.0958454421857533,1.9537073166262353,1.9561037460650532,1.8004514246672472,47,94,840,28,13.020000000000001
1,4878,4878,5.4043537,1.1081307566126717,1.8718000000000001,7,1.0812058878680315,1.86854843833093,1.8987319168726788,1.8004514246672472,60,102,864,29,13.440000000000001
1,4878,4878,5.6850064,1.1656769325404963,1.7267000000000001,281,1.1266283546913374,2.0400753533379232,2.0889665036105938,1.8004514246672472,56,96,816,28,13.020000000000001
1,4878,4878,5.6018922,1.1486348574943612,2.3724000000000003,1,1.0786996042973513,1.0786996042973513,2.093772403479196,1.8004514246672472,47,92,837,29,12.710000000000003
1,4878,4878,5.4599276,1.1195258560590526,1.7773999999999999,21,1.1519390055689176,1.2712905949510853,1.5058988325153986,1.8004514246672472,51,91,843,29,13.33
1,4878,4878,5.6613005,1.1608161779782653,2.1821,33,1.1039693719323342,1.209274768845288,1.4614320030769825,1.8004514246672472,51,93,864,27,13.440000000000001
1,4878,4878,5.8860431,1.2068983186385072,1.7484,92,0.9470928604390211,2.251208411332959,2.251208411332959,1.8004514246672472,57,102,872,28,13.33
1,4878,4878,5.6373148,1.1558980520811974,2.6814,18,1.2110861236338692,1.268235410640266,2.1008151701756295,1.8004514246672472,53,97,850,28,13.33
1,4878,4878,5.8308835,1.1955881689563257,2.6903,1793,1.3377552267551953,2.3489964569360176,2.352697101879208,1.8004514246672472,52,94,844,30,13.33
1,4878,4878,5.3975304,1.1067316793110518,1.8447,2,1.1405535078672182,1.292834148163531,1.4792416610359276,1.8004514246672472,52,98,854,29,13.200000000000001
1,4878,4878,8.3539497,1.7129279680131226,1.76,5,1.1398899689441966,1.283984903410154,1.5436708259544938,1.8004514246672472,57,96,860,29,13.640000000000002
1,4878,4878,11.0610504,2.2680029526348164,3.0551,1435,1.9319429275469353,2.1837534808593886,2.2360226509727017,1.8004514246672472,77,116,839,29,15.190000000000001
1,4878,4878,10.3914939,2.1307143530859136,2.3343000000000003,1,1.2738339812038983,1.2738339812038983,1.9385078113049141,1.8004514246672472,53,97,842,29,12.899999999999999
1,4878,4878,10.4334697,2.139321242567152,6.2664,328,1.0612961223794655,1.4468858653650796,1.5313288294771203,1.8004514246672472,65,109,860,30,13.76
1,4878,4878,10.8452216,2.223748533934796,3.238,8,1.519069483003291,1.704564069416108,1.8004322745381895,1.8004514246672472,58,97,805,25,12.47
1,4878,4878,11.3133805,2.3197417469755996,3.5035000000000003,160,1.2291101153177635,1.8345937310026847,1.8345937310026847,1.8004514246672472,54,95,852,29,13.76
1,4878,4878,10.4702938,2.146871806438384,2.6702000000000004,10,0.9482875591168722,1.518983433810833,1.518983433810833,1.8004514246672472,52,98,847,30,13.76
1,4878,4878,10.0931073,2.0695319458683614,3.0772,39,0.9416631215281955,1.8635694322631569,1.8635694322631569,1.8004514246672472,50,97,860,29,13.020000000000001
1,4878,4878,9.9434205,2.038839553003896,3.0744000000000002,6,1.5385290440683368,1.642558994602707,1.8887147712290964,1.8004514246672472,60,101,814,28,12.760000000000003
0,4656,4878,9.3705283,2.0130028571428573,3.6814
1,4878,4878,10.5993972,2.173343694894402,2.1756541225337487,26,0.9998322451208737,1.054328931029523,1.4475554894881582,1.8004514246672472,53,97,843,27,13.020000000000001
1,4878,4878,10.5851577,2.1704239696534753,2.5657,5,1.0946021456242783,1.1173818877614676,1.9983150451010474,1.8004514246672472,58,95,847,28,13.33
1,4878,4878,9.9915559,2.048709432027886,3.8971,9,1.102091400343028,1.2221308199283485,1.4228617502375651,1.8004514246672472,61,103,871,30,13.76
1,4878,4878,10.2661266,2.1050085298339143,2.7946999999999997,7,1.3026920483969742,1.3440686679113918,2.0981763886717197,1.8004514246672472,47,90,834,29,13.33
1,4878,4878,9.8091945,2.01131730572073,2.4139999999999997,708,1.1088145867245176,1.3199409104372137,1.9439158259742113,1.8004514246672472,48,95,827,30,13.020000000000001
1,4878,4878,10.8854736,2.232001968423211,3.305,24,1.1456687051298076,1.2011999756777305,1.5465293071285795,1.8004514246672472,57,99,835,30,13.33
1,4878,4878,10.8419334,2.2230743079762147,2.9831,1,0.9267345552961664,0.9267345552961664,1.9725621753820417,1.8004514246672472,52,95,876,28,13.33
1,4878,4878,10.0599372,2.0627306130818126,2.3106,86,1.1550047333779838,1.4310736951653904,1.9368409908126205,1.8004514246672472,58,100,856,30,13.33
1,4878,4878,10.4338237,2.139393828173057,2.1393955496308448,167,1.8049503868941823,1.8600409459508458,2.040801874595316,1.8004514246672472,53,94,826,28,13.5
1,4878,4878,10.9327211,2.2416897888045932,2.727,59,1.039397003336935,1.997189075344311,1.997189075344311,1.8004514246672472,58,98,862,27,13.33
0,4660,4878,8.8579432,1.9012541747156042,3.1298
1,4878,4878,9.0712409,1.8600042854213654,2.1567000000000003,112,1.2027705026149436,1.7887636520029444,1.7990404978821766,1.8004514246672472,56,95,828,28,12.899999999999999
0,4413,4878,4.7922452,1.0861843155031732,1.7909
1,4878,4878,8.2584922,1.6933549723190484,1.7912,19,0.9325940102627496,1.9032343307419757,1.9032343307419757,1.8004514246672472,52,98,852,29,13.33
1,4878,4878,9.4846687,1.9447752101701867,2.5302,1270,1.0175052401989695,1.966248620482398,1.9873771055477465,1.8004514246672472,63,104,856,28,13.33
1,4878,4878,9.7330402,1.9957023169981545,2.7102,258,1.1223746632370095,1.8463347535550805,1.8671577156121972,1.8004514246672472,67,108,848,28,13.76
1,4878,4878,9.0332444,1.852213327865491,3.7095000000000002,1207,1.751724690619704,2.0253289033387505,2.0923111633461544,1.8004514246672472,41,87,806,29,13.020000000000001
1,4878,4878,9.9617361,2.042595058437564,2.2312,105,1.097886738475376,2.1619121510544614,2.1700810577047256,1.8004514246672472,56,98,837,27,13.020000000000001
1,4878,4878,10.1092928,2.072850686897683,4.5644,1341,1.049252443923849,1.6905993897708536,1.7015749376808198,1.8004514246672472,50,95,852,29,13.020000000000001
1,4878,4878,10.0616352,2.0630787779372564,3.782,10,0.9962084243462543,1.1393537217373741,1.3292489703637131,1.8004514246672472,52,97,851,28,13.33
1,4878,4878,10.5610539,2.1654816280500304,3.3295,1,0.9449686026351275,0.9449686026351275,1.3778505457896846,1.8004514246672472,57,99,860,29,13.33
1,4878,4878,10.1364809,2.078425445970884,2.4453,2,1.802425943997058,1.831907574568988,2.062192868856092,1.8004514246672472,51,92,841,28,13.05
1,4878,4878,9.7124356,1.9914774656551155,2.9342,24,1.2336180144161857,1.8004382055553665,1.8004382055553665,1.8004514246672472,46,89,835,29,12.899999999999999
1,4878,4878,9.5449784,1.9571413573918393,2.716,80,0.9936298052048632,1.9663026377071027,1.9886920185145565,1.8004514246672472,57,95,874,28,13.76
1,4878,4878,9.713169,1.991627844986672,4.1684,80,1.1058000707973221,1.834975922055121,1.834975922055121,1.8004514246672472,61,103,859,29,13.33
1,4878,4878,10.4208313,2.136729813409883,4.42,180,1.125025070859889,1.5062389054091359,1.5635304020135343,1.8004514246672472,61,105,859,30,13.8
1,4878,4878,10.3973788,2.131921017018659,2.3275,128,1.0025341845917293,1.9329019989627203,1.942682375852518,1.8004514246672472,63,118,897,28,15.640000000000004
1,4878,4878,6.6779349,1.3692710477752716,2.8407,386,1.1631807029469576,1.9126621640648314,1.9126621640648314,1.8004514246672472,52,95,830,31,13.440000000000001
1,4878,4878,5.5788809,1.143916526553209,2.6388000000000003,615,1.042104290053614,2.089900288682353,2.089900288682353,1.8004514246672472,63,107,863,29,13.33
1,4878,4878,5.6558153,1.1596914701660856,1.8503,9,1.2919540522645991,1.3593348553634503,2.014766188256881,1.8004514246672472,52,92,843,29,13.76
1,4878,4878,5.9733332,1.2247966372770145,1.777,1101,1.1305088812469912,2.057358051715102,2.1110600981504963,1.8004514246672472,53,99,865,28,13.33
1,4878,4878,5.6247317,1.1533179618618004,1.7789,155,0.9944639338848951,1.2767476099835502,1.2965663108628427,1.8004514246672472,67,109,881,30,13.76
1,4878,4878,5.7095148,1.1707022349805207,1.7451,29,1.0353666297015844,1.1557602576578696,1.4480490965526855,1.8004514246672472,58,100,869,31,13.640000000000002
1,4878,4878,5.8031482,1.1899012097600983,1.7612,17,1.2286879983237948,1.2788883015627155,1.846183712546824,1.8004514246672472,56,95,842,29,13.33
1,4878,4878,5.5482617,1.1376382407217551,2.678,5,1.0571300667310108,1.37369462890209,1.4045338780697927,1.8004514246672472,53,98,853,30,13.33
1,4878,4878,5.568944,1.141879023990158,2.2254,350,1.121543341673402,1.9730659481308332,1.9831435339038013,1.8004514246672472,50,94,825,28,13.020000000000001
1,4878,4878,5.7582554,1.180696206684437,3.1654,386,1.0724563645494778,1.9058527205798883,1.9058527205798883,1.8004514246672472,60,103,851,29,13.33
1,4878,4878,5.4805708,1.123758622103752,1.8778,86,1.0895595088889194,1.2807422065727407,1.722311374162228,1.8004514246672472,68,107,845,27,13.640000000000002
1,4878,4878,5.6123587,1.150780951404552,1.7665,4,1.0271415480987922,1.0985832503360529,1.4310227248562,1.8004514246672472,48,95,866,30,13.020000000000001
1,4878,4878,5.810539,1.1914166495796599,1.7516999999999998,467,1.2002114407360929,1.9528247509205392,1.9528247509205392,1.8004514246672472,48,88,837,29,12.899999999999999
1,4878,4878,5.652614,1.1590350625384456,1.7569000000000001,1044,1.2580146972570425,2.202300157706001,2.202300157706001,1.8004514246672472,40,90,855,27,13.440000000000001
1,4878,4878,5.9857704,1.2273468115644863,1.7888,13,1.0045909657345045,1.014806167336373,1.82155596539462,1.8004514246672472,62,106,853,28,13.33
1,4878,4878,5.4467826,1.1168305515685872,1.7729,13,1.06032624770579,1.8092287745928788,1.8092287745928788,1.8004514246672472,53,92,839,30,13.33
1,4878,4878,5.3762311,1.102364383842526,1.784,5,1.0956399584645586,1.1270443757797663,1.4599565295544934,1.8004514246672472,64,108,852,27,13.33
1,4878,4878,5.6231394,1.1529914701660857,1.7585000000000002,26,1.0848621747703298,1.9881109690832302,1.9881109690832302,1.8004514246672472,56,97,865,31,13.33
1,4878,4878,9.3598411,1.9191800492105806,1.9197077385892116,252,1.0276692490110884,1.6385451955648886,1.6431713035710853,1.8004514246672472,58,99,842,27,13.020000000000001
1,4878,4878,10.0488602,2.0604593397580477,3.3624,3,1.1532296041457446,1.312224080361125,1.410921826808427,1.8004514246672472,52,96,849,28,13.33
1,4878,4878,10.2861685,2.109118002870617,2.6576,22,1.5864577217537947,1.707368405058622,2.4592493964739677,1.8004514246672472,45,92,830,29,12.760000000000003
1,4878,4878,10.0568771,2.062103157678901,3.4033,2,1.7425399879280385,1.8299065981324492,2.04740390448903,1.8004514246672472,54,97,820,29,13.200000000000001
1,4878,4878,10.2192458,2.0953958991183104,4.6613999999999995,432,1.0451531828679073,1.796021352363466,1.796021352363466,1.8004514246672472,49,95,866,27,13.33
1,4878,4878,10.7516323,2.204558601599344,2.8502,1,0.9551746894482974,0.9551746894482974,1.9451722170126513,1.8004514246672472,59,103,853,29,13.76
1,4878,4878,10.5347628,2.160090793520607,4.3908000000000005,349,1.2956801738265946,1.624941262143151,1.9579332754750733,1.8004514246672472,46,91,842,29,13.33
1,4878,4878,10.1526357,2.0817378921468115,3.1111,6,1.0492690233640314,1.8869331182916271,1.8869331182916271,1.8004514246672472,67,108,849,30,13.33
1,4878,4878,10.388071,2.130012507689153,3.382,37,1.0560295444985688,1.655471631685177,1.6816803938316005,1.8004514246672472,53,98,836,29,13.76
1,4878,4878,10.1795602,2.087258601599344,4.39,42,1.0673693567797162,1.9764049217435207,2.0009856415901903,1.8004514246672472,50,98,865,29,13.020000000000001
1,4878,4878,10.0433994,2.0593396350215296,2.4009,38,1.0068005785840308,1.3575647529927668,1.4207799271176966,1.8004514246672472,59,101,862,30,13.33
1,4878,4878,10.4099282,2.134494197252409,3.9687000000000006,57,0.9811307807045886,1.940997039609932,1.940997039609932,1.8004514246672472,51,94,866,28,13.33
1,4878,4878,10.1612026,2.0834944843141274,3.3094,8,1.0570149005777978,1.0722003074918636,1.960482382580198,1.8004514246672472,62,102,831,28,13.33
1,4878,4878,10.2045612,2.0923849087553825,3.1045000000000003,9,1.0831331940553701,1.1574449415372967,1.4235802268004518,1.8004514246672472,64,105,860,29,13.950000000000001
1,4878,4878,10.1411266,2.079378019274144,2.9579,11,1.1451056085109403,1.4150821560831641,1.9850135081033224,1.8004514246672472,60,102,855,29,13.76
1,4878,4878,9.9616751,2.0425825507484108,11.0615,6,1.1598256810238523,1.225624947709483,1.4710929445824181,1.8004514246672472,44,92,845,28,13.120000000000003
1,4878,4878,10.0397001,2.0585811154398197,2.3457,14,1.0678546686342951,1.352307939986107,1.4888405887913354,1.8004514246672472,55,103,872,30,13.33
1,4878,4878,9.8030563,2.010058704121386,2.6037999999999997,608,1.4771408510838249,1.8097091634449816,2.1058913537432735,1.8004514246672472,46,88,789,26,12.180000000000001
1,4878,4878,9.7589264,2.0010101291777733,2.0019771810699587,1,1.7398962752469618,1.7398962752469618,2.0225825655888925,1.8004514246672472,50,90,822,29,12.47
1,4878,4878,9.0853153,1.8628901578839452,3.1377,46,1.0019970597898342,1.877332277437238,1.877332277437238,1.8004514246672472,59,101,848,28,13.76
1,4878,4878,9.0666271,1.8590582530244002,2.8693,64,1.242538512997442,1.7910553324048821,2.2650088000503192,1.8004514246672472,46,91,833,29,13.020000000000001
1,4878,4878,8.9802474,1.8413466065204018,2.3804999999999996,47,1.1255086464022033,2.0421347978630764,2.0758439730155804,1.8004514246672472,48,93,852,28,13.33
1,4878,4878,9.0331524,1.8521944638097192,7.4405,5,1.0489595288368412,1.139869261351396,1.8211268004143284,1.8004514246672472,60,104,849,30,13.640000000000002
1,4878,4878,9.1569753,1.8775836169776499,1.8779683665008293,88,1.7385304543037208,1.7663918290761917,2.1046060385865903,1.8004514246672472,51,89,839,27,12.899999999999999
1,4878,4878,9.2928744,1.9054489235185565,4.6662,10,1.0893862001597088,1.1049602886464003,1.4712422432153878,1.8004514246672472,64,103,838,29,14.080000000000002
1,4878,4878,10.244009,2.10047344679106,2.2587,290,1.0680223838526526,1.3419091625560513,1.6167990127218381,1.8004514246672472,50,94,862,27,12.899999999999999
1,4878,4878,10.0200675,2.0545555669468936,3.0302,164,1.1674108926267444,1.8641393924672343,1.8641393924672343,1.8004514246672472,54,96,861,27,13.76
1,4878,4878,11.2501646,2.3067797006356368,3.9347000000000003,180,1.0583609868337087,1.2299718137855524,2.2690293068853267,1.8004514246672472,54,92,864,28,13.33
1,4878,4878,10.9034146,2.2356806643428335,3.0573,28,1.161533807001561,1.1857155779770825,2.0613041288453484,1.8004514246672472,52,93,854,30,13.5
1,4878,4878,10.8276575,2.2201471191306132,4.115200000000001,29,1.5826776331641,2.082252374833267,2.082252374833267,1.8004514246672472,45,87,820,29,12.600000000000001
1,4878,4878,10.2365619,2.098946462989543,2.797,1007,1.125859045067246,1.9952477375660833,1.9993448490373724,1.8004514246672472,51,95,850,28,13.76
1,4878,4878,10.0722022,2.0652454787779373,2.8727,1,1.0882912126520103,1.0882912126520103,1.4236237691281128,1.8004514246672472,53,98,852,29,13.33
1,4878,4878,10.9836419,2.2521307976214886,3.0687,440,1.0404059746660232,2.0467467854012114,2.061524612127499,1.8004514246672472,66,108,847,28,12.899999999999999
1,4878,4878,11.6029785,2.379122103752307,3.2342,421,1.2014802783272829,1.2686842806783,1.8584075651193859,1.8004514246672472,52,97,862,28,12.899999999999999
1,4878,4878,10.9341975,2.2419925158909164,2.8598999999999997,2,1.679522669989028,1.6838101839315043,2.0208266743736516,1.8004514246672472,44,86,802,29,12.47
1,4878,4878,10.2568724,2.1031110108673365,2.8341,2,0.8990543857198012,0.9086782496635952,1.6116801569455306,1.8004514246672472,58,98,859,29,13.33
1,4878,4878,11.1123216,2.2785158088989133,3.0803,149,1.1223642460116712,1.770662800140292,1.8795892506322216,1.8004514246672472,60,102,863,27,13.5
1,4878,4878,9.9551357,2.0412416854623743,2.5945,143,1.113843735009264,1.8827241222790068,1.9021215031747352,1.8004514246672472,54,96,845,28,13.33
1,4878,4878,10.0322416,2.0570517941357394,2.2633,243,1.642353174675439,1.9959454807926356,2.0713579846842105,1.8004514246672472,48,92,827,28,12.899999999999999
1,4878,4878,10.1226874,2.0755971703916343,4.831,4,1.0261243550470136,1.6109704949181756,1.6789379472957062,1.8004514246672472,46,92,853,29,12.899999999999999
1,4878,4878,10.5427264,2.161723682591757,2.1661510280373832,815,1.0326641389941316,2.035010995450395,2.035010995450395,1.8004514246672472,54,97,852,29,13.020000000000001
1,4878,4878,10.7810477,2.210590055361903,3.1883,314,1.0015006408430636,1.492033053887874,1.492033053887874,1.8004514246672472,50,95,848,28,13.33
1,4878,4878,10.0234729,2.055253824072176,3.2087,424,0.9645597415887108,1.5199309121909765,1.5199309121909765,1.8004514246672472,56,98,854,28,13.640000000000002
1,4878,4878,9.9712753,2.0445510149682184,2.8349,178,1.0322309049411997,1.4657799283126927,1.4987882377299746,1.8004514246672472,52,97,843,26,13.020000000000001
1,4878,4878,9.0273923,1.8510133893787166,2.4116,794,1.5473967610021295,1.8410919116634519,1.9378733267090396,1.8004514246672472,51,89,818,28,12.47
1,4878,4878,9.7621456,2.0016702070945254,2.4327,353,1.155896753173307,2.1392816803066506,2.2582376381242066,1.8004514246672472,56,98,850,29,13.76
1,4878,4878,9.0967189,1.8652283986057006,2.7462,2,1.1569431661270628,1.163025941094141,1.4826460374289265,1.8004514246672472,48,93,840,28,12.600000000000001
1,4878,4878,9.2312449,1.8928121591142095,2.2620999999999998,90,1.2892038287548717,1.4313330062474832,2.2224558775160768,1.8004514246672472,46,87,833,31,12.899999999999999
1,4878,4878,9.7297761,1.9950330326020096,3.3485,1,0.9998894074454218,0.9998894074454218,2.0636366527665655,1.8004514246672472,47,91,835,27,12.600000000000001
1,4878,4878,9.5593254,1.9600831248718473,2.4013,1172,1.903608630923477,2.2090384423457206,2.2508994917041036,1.8004514246672472,71,109,850,28,15.040000000000001
1,4878,4878,10.0852064,2.0679119130613084,2.4741,11,0.9609790786830755,1.765223679468726,1.7718301697879808,1.8004514246672472,53,96,841,28,13.33
1,4878,4878,10.7209717,2.1982718269427926,4.4672,507,1.0761719242705416,2.1626751948492347,2.171884270738768,1.8004514246672472,53,101,863,28,12.899999999999999
1,4878,4878,10.1284397,2.0767766454787777,2.9653,967,1.1296723084991547,1.9435739465526238,1.9435739465526238,1.8004514246672472,52,94,845,28,13.33
1,4878,4878,10.6435524,2.1823974574533525,2.6413,28,1.1150591892314665,1.339030825248724,1.4802748708799367,1.8004514246672472,59,103,854,28,13.76
1,4878,4878,10.2665302,2.1050912856264095,3.3801,394,1.0660649019701722,1.5809027961709736,1.5809027961709736,1.8004514246672472,62,107,844,26,13.020000000000001
1,4878,4878,10.7113979,2.196308775886816,2.2986,1,1.0510912027786856,1.0510912027786856,1.8473340114307686,1.8004514246672472,58,103,843,28,13.020000000000001
1,4878,4878,10.0795092,2.0667437359032195,3.4798,227,1.0173953812370944,1.5249864238692208,1.548038567998853,1.8004514246672472,51,91,858,29,13.020000000000001
1,4878,4878,11.4446918,2.346666352265737,3.2150999999999996,1,1.1101781769038401,1.1101781769038401,2.0765993922549137,1.8004514246672472,61,101,854,31,13.76
1,4878,4878,10.5400934,2.161183801517326,2.7125,1,0.942517006710053,0.942517006710053,1.394568748490893,1.8004514246672472,60,97,855,29,13.33
1,4878,4878,10.4788084,2.148617674800082,3.8871,801,1.744400635231745,1.9236606789085864,2.0688628714051363,1.8004514246672472,47,91,811,26,13.200000000000001
1,4878,4878,10.744628,2.2031224113184336,2.8264,79,1.958193479549136,2.2552031928265652,2.2727937067616266,1.8004514246672472,80,120,850,26,14.880000000000003
1,4878,4878,10.3208627,2.1162318433463194,2.5481000000000003,1076,1.0576999499860589,1.7827674099319277,1.7827674099319277,1.8004514246672472,54,99,846,27,13.33
1,4878,4878,9.9767881,2.045681381997129,4.0829,6,1.0383786705437885,1.0541281234227142,1.8241275016333316,1.8004514246672472,54,100,842,28,12.899999999999999
1,4878,4878,9.5998964,1.968401968423211,2.5052999999999996,20,1.0514794852968006,1.5701466724404565,1.5797146382325868,1.8004514246672472,52,94,878,28,13.76
1,4878,4878,9.8778864,2.0254021734672953,2.7179,52,1.0207502938992485,2.0324678121675657,2.0324678121675657,1.8004514246672472,58,98,859,28,13.33
1,4878,4878,9.8694764,2.023677752716834,2.2923,81,1.060111771400852,1.2970093209220197,1.8081283848691074,1.8004514246672472,59,104,857,28,12.899999999999999
1,4878,4878,9.1082752,1.8675979495591553,4.8045,9,1.2298208414511698,1.5588708771585928,1.6319238751256089,1.8004514246672472,47,95,856,29,13.440000000000001
1,4878,4878,8.8140616,1.807271191306131,2.5239,5,1.0444808598973843,1.0887856481379448,2.0235278673306656,1.8004514246672472,57,101,852,29,13.33
1,4878,4878,9.3563637,1.9184670289112158,1.9472999999999998,1,0.9921135316225106,0.9921135316225106,1.4264183019963834,1.8004514246672472,50,97,834,30,12.710000000000003
1,4878,4878,8.8540353,1.8154675620258354,2.354,1133,1.5636214444353729,2.076254978363396,2.147383701788325,1.8004514246672472,53,91,818,28,12.47
1,4878,4878,9.9263317,2.0353355956530654,2.6841999999999997,646,1.0293027500868417,1.793733574054298,1.8262338675517364,1.8004514246672472,56,98,867,29,13.33
1,4878,4878,10.0316171,2.0569237441049824,2.9779,211,1.1422736966873543,1.818414625346832,1.8330086354453552,1.8004514246672472,68,109,857,27,13.76
1,4878,4878,9.5291889,1.9539038138199711,2.8651,6,1.0680757858006924,1.1010027918792897,1.8285717361196454,1.8004514246672472,49,97,830,26,13.020000000000001
1,4878,4878,9.6940539,1.9877084068074637,2.8423,245,1.0764376723623685,1.8787298350881632,1.8787298350881632,1.8004514246672472,54,97,836,30,13.33
1,4878,4878,9.880595,2.025957555874513,2.7763,1,1.1830081358466764,1.1830081358466764,1.8795342062682272,1.8004514246672472,52,96,828,28,12.600000000000001
1,4878,4878,10.240656,2.0997859339758045,2.101251474864977,289,1.0934679549972932,1.9907415525267795,1.9907415525267795,1.8004514246672472,55,97,843,31,13.950000000000001
1,4878,4878,9.6615906,1.9810519991798237,3.5096,3,0.9892822456119635,0.9949829303775065,1.4108062821879526,1.8004514246672472,58,101,851,29,13.020000000000001
1,4878,4878,10.0322763,2.0570589091654705,2.6470000000000002,198,1.1548933346739623,1.4099921661124384,1.5724651876961537,1.8004514246672472,48,92,848,30,13.33
1,4878,4878,10.5120865,2.155441152347755,5.0263,83,0.8716843909725274,2.1784493117215127,2.1784493117215127,1.8004514246672472,61,101,870,29,13.440000000000001
0,4659,4878,9.9496184,2.1360279948475744,2.4848
1,4878,4878,10.3989862,2.132250604880049,2.9467999999999996,5,1.589183370652374,1.6230397608076368,2.1027534458553463,1.8004514246672472,46,88,828,27,12.600000000000001
1,4878,4878,10.2824231,2.1083500307566125,4.5366,767,1.2199437892892333,1.8336874459201435,1.8336874459201435,1.8004514246672472,53,94,854,29,13.950000000000001
1,4878,4878,10.6725192,2.1883369284396146,2.2618,1779,1.0232168036741238,2.384921399369649,2.384921399369649,1.8004514246672472,58,98,831,30,13.020000000000001
1,4878,4878,10.2921367,2.1103417469756,2.359,802,1.6396086367505494,1.8817300073641579,1.9631827437964604,1.8004514246672472,50,90,799,28,12.180000000000001
1,4878,4878,10.4476478,2.142228378101292,3.0726999999999998,2,1.030148594345492,1.0655660233674848,2.088417691893338,1.8004514246672472,49,93,843,30,13.33
1,4878,4878,9.8098228,2.0114461349190074,2.7348,1,0.9498103075369638,0.9498103075369638,1.4158050342427637,1.8004514246672472,58,102,873,28,13.76
1,4878,4878,10.5689465,2.1670999589911832,2.3015000000000003,20,1.0244005352737984,1.4709423134192856,1.4822043630129607,1.8004514246672472,69,111,855,29,13.950000000000001
1,4878,4878,10.11724,2.074480213245848,8.5658,449,0.9813104541157854,1.8993606778223833,1.8993606778223833,1.8004514246672472,57,101,872,28,13.76
1,4878,4878,10.0015141,2.0507513020299366,2.4187000000000003,779,1.5983757152831963,2.122143131581393,2.1793025762170646,1.8004514246672472,49,89,820,28,12.180000000000001
1,4878,4878,9.7117963,1.991346380971909,2.8363,296,1.0432506224713796,1.3729414966585531,1.5073467975744266,1.8004514246672472,57,97,865,29,12.899999999999999
1,4878,4878,9.4004169,1.9274998769735494,2.6494,126,1.0947076326530327,1.8200457936667778,1.8200457936667778,1.8004514246672472,56,100,854,28,12.899999999999999
1,4878,4878,9.0388173,1.8533560180438795,3.7755,675,1.0267698380329477,1.8604855902405282,1.8657636656391796,1.8004514246672472,53,94,878,29,13.76
1,4878,4878,9.6451491,1.9776807668648757,2.5397000000000003,780,1.3008400140311585,2.316398718711639,2.319139907240053,1.8004514246672472,39,84,837,29,12.600000000000001
1,4878,4878,9.2829207,1.9034079762148863,2.3487,36,1.0900491458955615,1.215214141662271,1.4536024203195805,1.8004514246672472,60,102,856,29,13.440000000000001
1,4878,4878,9.6280414,1.974172934180849,2.4889,163,0.9625611484215899,1.0536544182562024,1.5408857588443379,1.8004514246672472,57,99,887,29,13.33
1,4878,4878,9.6183846,1.9721928644658604,2.0877,360,1.0189156860743913,2.188057548099539,2.202675172846524,1.8004514246672472,55,97,834,28,13.020000000000001
1,4878,4878,9.4090865,1.9292775271683416,2.6197999999999997,2,1.0796679722044673,1.485089212875004,1.4902832348307242,1.8004514246672472,57,101,889,29,13.440000000000001
1,4878,4878,10.167262,2.0847369284396144,3.3838000000000004,4,1.0692405380513894,1.1108308193598955,1.885243982377211,1.8004514246672472,56,97,835,28,13.33
1,4878,4878,10.0819853,2.0672514455607955,4.521,11,1.0510680776417751,1.2851189456702656,1.5290504047368771,1.8004514246672472,55,99,867,28,13.76
1,4878,4878,10.0806478,2.066977199097806,2.7978,19,1.0315362323539428,1.802503378152272,1.802503378152272,1.8004514246672472,60,100,839,29,13.33
1,4878,4878,10.3744861,2.127227004305926,3.2908999999999997,22,0.9908986018326167,1.0193780085659163,1.4192027694786657,1.8004514246672472,57,103,865,29,13.860000000000001
1,4878,4878,13.7650112,2.8224341193356572,3.9785000000000004,170,1.1072604280071174,1.1825617307307648,1.819993319946335,1.8004514246672472,57,100,858,28,13.33
1,4878,4878,10.9544478,2.246144720114825,7.448899999999999,12,1.1477092104159685,1.904656751170815,1.904656751170815,1.8004514246672472,46,92,860,29,13.33
1,4878,4878,5.8445464000000005,1.1983896657781423,2.2536,150,1.0709211135294845,1.1254901127442707,2.3442103040396525,1.8004514246672472,54,95,845,29,12.710000000000003
1,4878,4878,6.0868122,1.2480648349395118,1.7217,179,1.2554055088194345,1.9552629287546077,1.9576336633069067,1.8004514246672472,48,92,859,29,13.020000000000001
1,4878,4878,5.7274007000000005,1.1743696329710889,1.9543999999999997,2,1.15231168025484,1.1540080427581092,1.932477418384294,1.8004514246672472,47,89,832,32,12.600000000000001
1,4878,4878,5.8435254,1.19818031576789,2.0227,48,1.2243448266347594,1.2306276573490802,1.5797892684988484,1.8004514246672472,54,96,828,28,13.33
1,4878,4878,5.7536258,1.179746934590937,1.8477999999999999,1,1.1164604914845804,1.1164604914845804,1.92245187516646,1.8004514246672472,58,101,842,29,13.33
1,4878,4878,6.1988721,1.2710420545417265,1.8837000000000002,115,1.097733630591265,1.8741081570851028,1.8741081570851028,1.8004514246672472,57,103,851,27,13.020000000000001
1,4878,4878,6.0848756,1.2476677465655117,2.5686,6,1.8081792855813594,1.9575779094867503,2.1311439197694635,1.8004514246672472,59,96,815,28,13.05
1,4878,4878,6.0794452,1.2465542751691614,1.7876999999999998,167,1.070378326210934,2.1302881661412068,2.1302881661412068,1.8004514246672472,47,90,867,29,13.020000000000001
1,4878,4878,6.1652777,1.2641537215501333,2.8551,11,1.0454183571741495,1.0683988601747734,1.9039406166428121,1.8004514246672472,54,97,837,29,13.020000000000001
1,4878,4878,5.9163657,1.213115788394505,1.8192,1,1.5506306674641908,1.5506306674641908,1.96523133695801,1.8004514246672472,46,89,819,29,12.3
1,4878,4878,6.155533,1.262155628460119,1.7753999999999999,8,1.062947579156547,1.6934070427159678,1.8008711918620777,1.8004514246672472,60,104,863,28,14.4
1,4878,4878,5.7269696,1.1742812384662704,3.0893,93,1.038843354192602,2.0044295643548162,2.0044295643548162,1.8004514246672472,49,94,842,28,13.440000000000001
1,4878,4878,5.8712152,1.2038579454582734,1.7616,212,1.0924185481825623,1.4857637755636293,1.5617103752977948,1.8004514246672472,44,88,858,28,13.020000000000001
1,4878,4878,5.6707436,1.162752429772401,1.7428000000000001,160,0.9390588025150126,1.919666907069868,1.919666907069868,1.8004514246672472,51,95,836,28,13.33
1,4878,4878,6.3848049,1.3091664752921879,1.7838,105,1.61500232881228,1.9696814369238385,2.00348239108142,1.8004514246672472,46,87,831,28,12.600000000000001
1,4878,4878,6.047815,1.2400686897683002,1.7745,577,0.9981588400936162,1.5118054615425562,1.6519614035248549,1.8004514246672472,64,110,854,31,13.33
1,4878,4878,5.9787469,1.225906684437154,1.7593,725,1.0917202295873227,1.9938509881921564,1.9938509881921564,1.8004514246672472,52,96,841,30,13.440000000000001
1,4878,4878,5.8192365,1.1932000205044084,1.7684,77,1.9275477240935994,2.183474925339062,2.19877388777397,1.8004514246672472,76,116,865,28,14.880000000000003
1,4878,4878,6.1714738,1.2654241952019685,2.1397999999999997,173,1.1261166288828568,2.282663338688513,2.282663338688513,1.8004514246672472,55,101,866,29,13.76
1,4878,4878,5.7456108,1.1781035062538445,2.245,2,1.1105699379320935,1.1195323874454775,1.9227450957529093,1.8004514246672472,53,98,842,28,13.020000000000001
1,4878,4878,5.8614005,1.2018454992823457,1.7841999999999998,307,1.03370804421053,1.306282521974063,1.5833146186407738,1.8004514246672472,47,93,862,29,13.33
1,4878,4878,6.2017116,1.2716242772196023,1.7689,196,1.2899306077564563,2.058274106202623,2.058274106202623,1.8004514246672472,50,89,856,27,13.33
1,4878,4878,6.0504525,1.2406094935411112,1.788,354,1.0716929292570458,2.2383003730909907,2.2587015030933935,1.8004514246672472,54,93,853,28,13.020000000000001
1,4878,4878,6.0080472,1.2319145376255896,1.7827,2,1.174557927455487,1.1825837928091454,1.9907272411969545,1.8004514246672472,48,94,831,29,13.76
1,4878,4878,6.3127153,1.2943849292597909,1.8677,5,1.0485485047274339,1.0496601561650296,2.0287303321811105,1.8004514246672472,56,99,874,29,13.33
1,4878,4878,6.34267,1.3005269632971088,1.8036,1256,1.0614395174555735,2.0311924271778046,2.0311924271778046,1.8004514246672472,59,105,859,27,13.640000000000002
1,4878,4878,6.1966659,1.2705896862825508,4.2174,140,0.9946383444257214,2.1723477981919226,2.201614130848549,1.8004514246672472,56,99,865,28,13.33
1,4878,4878,6.2679749000000005,1.285211174902604,2.6111,296,1.0549201291450951,1.8958765673951412,1.8958765673951412,1.8004514246672472,55,96,839,29,13.33
1,4878,4878,6.1243555,1.255762866516301,4.8004,67,1.1566652783310074,1.1674984568826796,2.0045628098857855,1.8004514246672472,46,92,829,28,13.33
1,4878,4878,5.9880224,1.227808570842731,1.7937999999999998,5,1.1728621572483802,1.2915514480913897,1.9613646199937593,1.8004514246672472,51,98,840,28,13.020000000000001
1,4878,4878,5.758552,1.1807570227598934,1.7579,267,1.0250453311071754,1.552494890292176,1.552494890292176,1.8004514246672472,58,103,872,27,13.33
1,4878,4878,5.9815161,1.226474492515891,3.0425,16,1.1059603256994663,1.9673868586718466,1.9673868586718466,1.8004514246672472,55,99,856,28,13.020000000000001
1,4878,4878,6.0598511,1.242536620873488,1.7627000000000002,262,1.1021906142766646,2.008731583462236,2.012360919196002,1.8004514246672472,60,109,867,29,13.33
1,4878,4878,5.9832313,1.2268261841295878,1.7307,1,1.1567518012741775,1.1567518012741775,2.0693549152155986,1.8004514246672472,58,98,837,28,12.600000000000001
1,4878,4878,5.8003483,1.189327106827968,1.7845,18,1.2182447294498082,1.8773864319469231,2.2792867048296577,1.8004514246672472,50,87,862,28,13.33
1,4878,4878,5.8217225,1.1937097600984212,1.7248,72,1.1353094667758235,1.2918155548600787,1.5467305472752402,1.8004514246672472,51,93,832,29,13.020000000000001
1,4878,4878,5.8462621,1.1987414599138815,1.8813,370,1.240502038794493,1.9006121431241858,1.9006121431241858,1.8004514246672472,53,98,863,28,13.76
1,4878,4878,5.9884864,1.227903711297929,2.8434,54,1.1154562364721192,1.6642377123767835,1.7719000056080416,1.8004514246672472,54,97,842,28,13.020000000000001
1,4878,4878,5.8452884,1.198541808488825,1.8331,99,1.1828226714028152,2.1068637057155994,2.1068637057155994,1.8004514246672472,54,95,848,28,13.020000000000001
1,4878,4878,6.2767294,1.2870062333401682,4.4138,33,1.1040732186497604,1.9640116885833605,1.9640116885833605,1.8004514246672472,66,111,848,31,13.76
1,4878,4878,6.371185,1.3063737953660035,4.058199999999999,1,0.9631544319294844,0.9631544319294844,1.5926655409059765,1.8004514246672472,59,100,840,29,13.33
1,4878,4878,6.0453339,1.2395599548903016,1.7631999999999999,4,1.0377081085467552,1.85090117536102,1.85090117536102,1.8004514246672472,52,92,843,28,13.440000000000001
1,4878,4878,5.9288431,1.2156742054541727,1.7862,62,1.078211533754817,1.8377238512594054,1.8393470353363464,1.8004514246672472,58,100,872,30,13.76
1,4878,4878,6.1188126,1.254626327660447,2.9842,21,1.2426649790413773,1.7733424213278524,1.7733424213278524,1.8004514246672472,53,94,842,30,12.600000000000001
1,4878,4878,6.1047555,1.2517440024605289,1.7669000000000001,1,1.0252803397578005,1.0252803397578005,1.9082950948018917,1.8004514246672472,58,98,841,29,13.440000000000001
1,4878,4878,5.617602,1.1518560590526963,1.8108,4,1.0066436964483332,1.4297717110556172,1.4337208916663524,1.8004514246672472,58,101,850,29,13.020000000000001
1,4878,4878,5.6743521,1.1634923313512406,1.8579,11,1.031311796379362,1.910610460962313,1.9116357255505603,1.8004514246672472,63,106,862,28,13.33
1,4878,4878,5.9111525,1.2120468525733032,1.7576,803,1.186349498249533,1.5709716060336087,1.9364440164107644,1.8004514246672472,56,97,839,28,13.020000000000001
1,4878,4878,6.0333796,1.2371087963912242,2.4353000000000002,486,1.5898601241669557,1.7322237064146941,1.9506973172915494,1.8004514246672472,41,83,815,28,12.180000000000001
1,4878,4878,6.1233791,1.2555626614722166,1.795,1,1.2411493834942833,1.2411493834942833,1.5474189622680026,1.8004514246672472,49,91,851,29,12.899999999999999
1,4878,4878,6.100615,1.2508950174287474,1.9256,168,1.1279050044373031,2.0343122218397287,2.0343122218397287,1.8004514246672472,55,100,843,28,13.020000000000001
1,4878,4878,5.9969044,1.2296297724010663,1.7488,1635,1.1627876966473496,2.0378277548777612,2.0378277548777612,1.8004514246672472,54,99,838,28,13.440000000000001
1,4878,4878,5.5329767,1.1345041418905064,2.9455,1,0.9552812709629733,0.9552812709629733,1.396781606131324,1.8004514246672472,56,102,857,27,12.899999999999999
1,4878,4878,6.0820469,1.2470877383637482,1.9346,6,1.0705657989664574,1.2534895089729168,1.4484441558591605,1.8004514246672472,52,98,856,29,13.33
1,4878,4878,6.1325743,1.25744808283781,2.1809,1348,1.1597581382528164,2.089430013920083,2.1017344798060535,1.8004514246672472,53,95,839,29,13.33
1,4878,4878,5.9747629,1.2250897888045928,1.8295,429,1.7305449244405993,1.946815634689066,2.0679179423925422,1.8004514246672472,48,87,805,27,11.890000000000002
1,4878,4878,5.97016,1.2241459913881485,1.7692,282,1.0423319947971945,1.9306903301796354,1.9330400104468792,1.8004514246672472,53,98,843,27,13.33
1,4878,4878,5.9512475,1.2202680951404552,1.8473000000000002,1649,1.5821310521885128,1.9173465980799531,2.3543071329406526,1.8004514246672472,43,84,809,27,12.180000000000001
1,4878,4878,6.4173514,1.3158399425876564,2.1985,108,1.330832045536916,2.1907835997917586,2.1907835997917586,1.8004514246672472,52,93,875,29,13.640000000000002
1,4878,4878,6.2468136,1.2808721755177364,1.7535999999999998,1070,1.1874661745350206,1.2346904934698315,1.4809821658163376,1.8004514246672472,48,92,854,29,13.33
1,4878,4878,6.2354352,1.2785391019069101,1.7684,79,0.9214835096266393,2.057709543703787,2.1012426891052285,1.8004514246672472,58,103,859,29,13.020000000000001
1,4878,4878,5.9975887,1.2297700840680745,1.8274000000000001,10,1.1319780239593433,2.03803283731325,2.03803283731325,1.8004514246672472,54,96,853,28,13.76
1,4878,4878,5.9235846,1.2145959811359444,1.8187,11,0.9173817093273606,1.090846274438519,1.2883667567615422,1.8004514246672472,58,104,857,29,13.640000000000002
1,4878,4878,5.9720997,1.2245437153988108,1.9266,261,1.0987798409022467,1.7782354022060602,1.783344013634421,1.8004514246672472,53,93,851,28,13.020000000000001
1,4878,4878,5.6764502,1.163922534344884,1.7731999999999999,530,1.0218988091543175,1.9317685714547432,1.9317685714547432,1.8004514246672472,64,104,846,28,13.640000000000002
1,4878,4878,6.0168407,1.2337175927824484,1.7355,8,1.0940445449268303,2.0233364242520158,2.0233364242520158,1.8004514246672472,51,94,856,28,13.33
1,4878,4878,5.7930228,1.187825056387123,2.0521,148,0.9849945916567476,1.84703853598641,1.8616206145323784,1.8004514246672472,59,104,856,28,13.33
1,4878,4878,5.9872644,1.2276531474266967,2.2425,31,1.1072112813121622,1.160639968803122,1.9315382061217106,1.8004514246672472,44,88,860,30,13.020000000000001
1,4878,4878,5.9130373,1.2124333196637276,1.7110999999999998,488,1.1214068900420207,1.9944233801263223,1.9944233801263223,1.8004514246672472,61,103,861,29,13.76
1,4878,4878,6.1395498,1.2588783678490876,1.7991000000000001,1,1.9933341386001588,1.9933341386001588,2.43656645662939,1.8004514246672472,87,131,862,27,15.680000000000001
1,4878,4878,5.6125374,1.1508175927824482,1.7759,1349,1.1485934280490928,1.8313075087581447,1.834576646831512,1.8004514246672472,52,95,863,29,13.020000000000001
1,4878,4878,6.0153035,1.2334023990157883,1.8483,9,1.057794682130256,1.8086896725376278,1.8086896725376278,1.8004514246672472,54,98,858,28,12.600000000000001
1,4878,4878,5.8948303,1.2087000820176337,1.8058,1,0.972123567188907,0.972123567188907,1.5970442013891988,1.8004514246672472,64,107,861,28,13.440000000000001
1,4878,4878,5.7476068,1.178512774246463,1.8306,167,1.1311241400574223,2.189598613114745,2.2128026926551656,1.8004514246672472,55,97,853,28,13.33
0,4655,4878,5.5412891,1.19065085947572,2.1771999999999996
1,4878,4878,5.8068763,1.1906656346114415,1.7095,442,1.075772601665269,2.382998207853823,2.382998207853823,1.8004514246672472,58,98,859,30,13.860000000000001
1,4878,4878,5.9344971,1.2168335247078121,1.7901,1,0.9993334121725397,0.9993334121725397,1.3879986099848955,1.8004514246672472,67,112,861,28,13.76
1,4878,4878,5.7536673,1.179755443920443,1.7715,1507,1.6084791931419309,1.7181653809412036,1.9911318026473608,1.8004514246672472,55,93,812,30,12.47
1,4878,4878,5.7959969000000005,1.1884348779987697,2.679,1,1.0640985805335432,1.0640985805335432,1.4820831516293052,1.8004514246672472,53,95,860,29,13.33
1,4878,4878,5.8307684,1.1955645683822023,1.7799999999999998,142,1.0780600745483016,2.1404524218240586,2.1779914083446674,1.8004514246672472,56,99,877,28,13.33
1,4878,4878,5.7019939,1.169160118925569,1.7427,9,1.054586764909055,1.8727340897428737,1.8727340897428737,1.8004514246672472,55,102,852,29,13.33
1,4878,4878,5.6973864,1.168215378306336,1.7611,235,0.9554107115162808,1.489591223753529,1.5536649618995741,1.8004514246672472,49,95,842,29,13.020000000000001
1,4878,4878,5.7718374,1.1834811154398197,1.9356,114,1.122654942861471,1.896636904375465,1.896636904375465,1.8004514246672472,50,93,858,28,13.33
1,4878,4878,5.6158121,1.1514890506458888,1.7867,36,1.243760906048366,1.7841869143383802,1.8078252309190006,1.8004514246672472,54,92,838,28,13.200000000000001
1,4878,4878,5.7945284,1.1881337707607136,1.8091,1,1.9492042281497153,1.9492042281497153,2.380430904621277,1.8004514246672472,80,120,863,31,15.190000000000001
1,4878,4878,5.5257211,1.1330164240311666,1.8343,10,1.1099229880306702,2.0559831026614397,2.2708463313468403,1.8004514246672472,47,92,862,30,13.33
1,4878,4878,5.6799439,1.1646388968628254,1.8425,2,1.183388684197485,1.1889358018192788,2.0109282203179455,1.8004514246672472,54,91,869,29,13.33
1,4878,4878,5.5567217,1.1393729136764403,2.1294,228,1.555910837358821,2.0177874720069444,2.0177874720069444,1.8004514246672472,43,83,821,29,12.3
1,4878,4878,5.4313459,1.1136653475497234,1.7531,1,1.225745314239664,1.225745314239664,2.0333908116820316,1.8004514246672472,49,94,853,27,13.200000000000001
1,4878,4878,5.7815246,1.1854674184949763,1.8247,9,1.1784358239055512,1.2366730187620478,1.5333193878903333,1.8004514246672472,51,94,853,29,13.33
1,4878,4878,5.9515536,1.220330859134714,1.7487,3,1.155880330096028,1.1627184125568981,1.897705559610203,1.8004514246672472,45,89,846,28,12.600000000000001
1,4878,4878,5.9162901,1.2131002870617182,1.7914,9,1.1319040798990356,1.2492830334323008,2.351712127366832,1.8004514246672472,64,104,862,29,13.440000000000001
1,4878,4878,5.8730142,1.2042268197662496,1.7355999999999998,1264,1.727071207739106,2.3218861041263334,2.3218861041263334,1.8004514246672472,88,128,882,26,15.360000000000003
1,4878,4878,5.8012046,1.1895026860775066,1.8220999999999998,155,1.0349370243279246,1.3325039635922025,1.778142101053435,1.8004514246672472,65,107,874,29,13.76
1,4878,4878,5.7847833,1.1861355956530655,1.7396,269,1.0532835179162843,1.9305157907825061,1.9305157907825061,1.8004514246672472,65,105,852,27,13.33
1,4878,4878,5.8855884,1.206805085093295,1.9863,71,1.0056650820275868,2.005678723881796,2.005678723881796,1.8004514246672472,61,103,857,28,13.440000000000001
1,4878,4878,5.7928085,1.1877811154398195,2.145,361,1.1866892176428092,1.9701028489844885,1.9701028489844885,1.8004514246672472,56,99,863,29,14.080000000000002
1,4878,4878,5.6701006,1.1626205864260815,1.8272,115,1.6126956637059875,1.6838494243418505,2.078796983928912,1.8004514246672472,50,92,838,25,12.899999999999999
1,4878,4878,5.8037247,1.1900194176748,1.9243000000000001,1,1.0459615441535808,1.0459615441535808,2.070807484339925,1.8004514246672472,51,96,860,30,13.76
1,4878,4878,5.695005,1.1677270863235596,1.8134,8,1.0980908561598033,1.9920561450561345,1.9920561450561345,1.8004514246672472,46,90,839,28,12.600000000000001
1,4878,4878,6.003432,1.230968218166906,2.98,1339,1.0402910598198871,2.0519574556036617,2.0529937002100755,1.8004514246672472,65,106,854,28,13.440000000000001
1,4878,4878,5.754608,1.1799483288907116,2.3059,37,1.0941368993293434,1.6727964552959855,1.7115759838323268,1.8004514246672472,54,98,857,28,13.33
1,4878,4878,6.0378801,1.238031597293418,2.4513,11,1.091550713739916,1.927397530702512,1.9356218449016689,1.8004514246672472,60,99,838,30,13.33
1,4878,4878,5.6943086,1.167584293623129,1.9131,4,1.001353440083625,1.046618418597257,1.369761055412446,1.8004514246672472,62,104,854,28,13.33
1,4878,4878,5.8243496,1.1942484314127537,2.4434,5,0.990522137258107,1.9673083577367363,1.9673083577367363,1.8004514246672472,59,108,833,29,13.33
1,4878,4878,5.4411570000000005,1.1156770555669469,1.8616,87,0.9309792338589317,1.934499337253771,1.934499337253771,1.8004514246672472,43,93,843,29,13.33
1,4878,4878,5.9576667,1.2215843141275373,2.0711000000000004,11,1.0278809440720487,1.0676230670048905,1.5603713584178454,1.8004514246672472,55,93,854,30,13.020000000000001
1,4878,4878,5.8909011,1.2078944228009023,1.7856,566,0.996350640067612,1.9542879944641693,1.982643878096012,1.8004514246672472,45,97,860,28,13.33
1,4878,4878,5.8257033,1.1945259995899118,1.7837,47,1.0477856491815736,2.1993379806945317,2.2145512143867867,1.8004514246672472,49,95,838,28,13.020000000000001
1,4878,4878,5.6823355,1.1651292802952635,2.144,115,1.0921607084987535,1.4148579033040904,1.4635583929843172,1.8004514246672472,56,102,858,30,14.080000000000002
1,4878,4878,5.9234633,1.214571109288497,1.842,17,0.9995744246492596,1.0137569626203333,1.424949387643043,1.8004514246672472,62,109,865,29,14.080000000000002
1,4878,4878,5.8258385,1.1945537215501332,1.7366000000000001,410,1.074223178884059,1.9915104573858369,1.9915104573858369,1.8004514246672472,60,102,848,28,13.33
1,4878,4878,5.9182155,1.2134950789419723,2.3415,3,1.2711857789688554,1.3916206663756747,1.554526263820438,1.8004514246672472,46,90,838,29,12.600000000000001
1,4878,4878,6.0133192,1.2329955300389583,1.8054,1,1.0787259229776895,1.0787259229776895,2.038282373046165,1.8004514246672472,54,97,858,29,13.33
1,4878,4878,5.8535198,1.2002296083657986,1.7884000000000002,234,1.7317954588796358,2.202058446237837,2.2023363381028753,1.8004514246672472,44,89,825,29,12.600000000000001
1,4878,4878,5.6989358,1.1685330736108264,1.8009,665,1.735411785381376,2.008032911009606,2.093983338749719,1.8004514246672472,43,90,809,28,12.600000000000001
1,4878,4878,5.5520998,1.1384252204223908,1.9919,21,1.6544637044334585,1.8707606524960294,2.0369638126885965,1.8004514246672472,57,93,798,27,12.180000000000001
1,4878,4878,5.3919182,1.1055809309001436,1.7901,123,1.1188898655444839,1.149893336163415,1.5051733933437557,1.8004514246672472,57,100,850,30,13.76
1,4878,4878,5.7128455,1.1713851753126923,1.8105,443,1.108409153193755,2.2752497131533715,2.283750841180964,1.8004514246672472,47,90,837,30,12.710000000000003
1,4878,4878,5.6354413,1.1555139019889278,1.7892,75,1.0825476090061117,1.1224464131900467,1.5441643377561083,1.8004514246672472,62,104,849,29,13.76
1,4878,4878,5.6555708,1.1596413368874308,2.609,45,1.145896110928002,1.8332120091697541,1.8556788554207242,1.8004514246672472,53,95,844,28,12.600000000000001
1,4878,4878,5.4269829,1.112770740209145,1.7717,1,0.9143187621990131,0.9143187621990131,1.3760072814218198,1.8004514246672472,58,99,840,28,13.020000000000001
1,4878,4878,5.7309471,1.175096801312282,1.7577999999999998,1,1.5348055495840773,1.5348055495840773,1.79190762085331,1.8004514246672472,53,89,818,26,12.180000000000001
1,4878,4878,5.743458,1.1776620873487802,1.7836,653,1.683062909431013,1.9888608476616227,2.052204884139868,1.8004514246672472,45,92,826,27,12.47
1,4878,4878,6.0343567,1.2373091449661677,2.371,280,1.2979754301323843,1.4330079050544398,1.8655465930260537,1.8004514246672472,48,92,840,28,13.33
1,4878,4878,5.7601284,1.1810802542546648,2.091,92,1.0091777187833375,2.0796635458241863,2.0796635458241863,1.8004514246672472,53,99,855,30,13.76
1,4878,4878,5.5055142,1.128873118720525,1.7566000000000002,1,1.018489072553071,1.018489072553071,1.7976970955036582,1.8004514246672472,59,100,857,29,13.33
1,4878,4878,5.7796288,1.185078695919623,1.8032000000000001,1418,1.1357779738675853,2.1381269826834015,2.150984543846946,1.8004514246672472,61,102,866,28,13.76
1,4878,4878,5.9722363000000005,1.2245717244207506,2.1927000000000003,156,1.6239911648173073,2.012503691101237,2.3295367717523274,1.8004514246672472,51,88,814,28,12.180000000000001
1,4878,4878,5.6837786999999995,1.1654251999179823,1.9555000000000002,12,1.0204298909125016,1.8924563726820347,1.8924563726820347,1.8004514246672472,53,99,851,28,12.899999999999999
1,4878,4878,5.5751898,1.1431596883329915,1.7479,41,1.03585024166537,2.005935086165996,2.005935086165996,1.8004514246672472,56,99,853,29,13.33
1,4878,4878,6.028186,1.2360438794340782,1.8116,43,1.7023962808723438,1.8105792066876332,1.9819316777360794,1.8004514246672472,42,87,832,28,13.33
1,4878,4878,5.7181448,1.1724717654295673,1.8072,76,1.0128805261153966,2.342364835745206,2.35251856058396,1.8004514246672472,54,98,854,29,13.440000000000001
1,4878,4878,5.7224059,1.1733454787779372,2.7098,605,1.11648101125234,1.5418916204424535,2.0799048668877647,1.8004514246672472,60,101,869,29,13.640000000000002
1,4878,4878,5.5577109,1.1395757432848062,1.8178999999999998,1,1.0987918906308543,1.0987918906308543,1.592949604474854,1.8004514246672472,49,92,853,29,13.33
1,4878,4878,5.5690205,1.1418947098626204,1.9358000000000002,80,1.0064823478111804,1.6641212802269478,1.9534056859420745,1.8004514246672472,57,102,858,29,13.33
1,4878,4878,5.4650635,1.120578941972524,1.8092,27,1.0351370583297093,1.203700978457827,1.404137961099134,1.8004514246672472,64,108,848,27,13.020000000000001
1,4878,4878,5.7962932,1.1884956325610005,1.7489000000000001,386,1.5740955741607703,2.154383903686784,2.154383903686784,1.8004514246672472,48,86,804,28,12.180000000000001
1,4878,4878,5.770751,1.1832583555464424,1.7492,220,1.0726228241860305,1.861150465785392,1.8939014145276736,1.8004514246672472,55,98,847,31,13.76
1,4878,4878,5.7924547,1.1877085708427313,1.9252,1,1.5584639555525717,1.5584639555525717,1.9049456197743506,1.8004514246672472,54,94,812,23,12.47
1,4878,4878,5.7875250000000005,1.1866977650194792,1.7917,3,1.0650174725645853,1.151431463246375,1.5308965742789749,1.8004514246672472,56,100,837,28,13.33
1,4878,4878,5.7901819,1.1872425466475294,2.1159999999999997,1,1.118526021930692,1.118526021930692,1.5550691378575552,1.8004514246672472,55,103,861,28,14.080000000000002
0,4651,4878,5.2403896,1.126965505376344,1.7756
1,4878,4878,5.6103278,1.1503645273733853,2.6202,15,1.0638518222490678,1.8391121077780022,1.8391121077780022,1.8004514246672472,55,96,857,29,13.33
1,4878,4878,6.0607156,1.2427138814845191,1.7695,6,1.0830411656719365,1.1442702587872158,1.4286048740542014,1.8004514246672472,52,93,878,31,13.33
1,4878,4878,5.9313219,1.2161824687307772,1.7436,314,1.1629256601779665,1.396390374268129,1.3982946556781688,1.8004514246672472,61,102,860,28,13.76
1,4878,4878,5.697978,1.1683366823867132,1.7675,28,1.711432930565369,1.813196657901116,1.9936974452312528,1.8004514246672472,54,92,829,28,12.47
1,4878,4878,5.6106842,1.1504376050850933,1.7823,1,1.0572763657704651,1.0572763657704651,1.4012523469339746,1.8004514246672472,54,95,855,29,13.33
1,4878,4878,5.8626406,1.202099774451507,1.8381999999999998,1338,1.030818136937092,1.349153438940377,1.8010024163101441,1.8004514246672472,63,101,858,29,13.33
1,4878,4878,5.8323049000000005,1.195879618618003,2.4779,19,1.1024756979425163,1.1404986828395147,1.5839179853748901,1.8004514246672472,60,100,847,28,13.33
1,4878,4878,5.5821952,1.1445961041623949,2.0902,85,1.0303876461316217,1.8052163365442722,1.845429674550415,1.8004514246672472,54,97,861,28,13.020000000000001
1,4878,4878,5.7101749,1.1708375845806849,1.9102,69,1.1413182893889489,1.3852737086877276,1.6064928118141437,1.8004514246672472,64,100,838,29,13.440000000000001
1,4878,4878,5.7735092,1.1838239081402502,1.8220999999999998,518,1.0007325158682034,1.3294997566367257,1.460610977298267,1.8004514246672472,55,98,839,31,13.440000000000001
1,4878,4878,6.0009248,1.2304541316383022,1.7867,157,0.9976863228339456,1.7939871982789088,1.7961475268191731,1.8004514246672472,57,101,865,29,13.440000000000001
1,4878,4878,5.705695,1.1699190075866313,2.9057000000000004,3,1.1136170528827787,1.1547922984919692,1.572936565386551,1.8004514246672472,49,92,856,30,13.020000000000001
1,4878,4878,5.830808,1.1955726881279476,1.7601,20,1.047717245241835,1.5492122650812903,1.5525381368317177,1.8004514246672472,60,102,855,27,13.33
1,4878,4878,5.8348667,1.196404900553619,1.7745,182,1.1263215853667312,2.2243236272219225,2.2243236272219225,1.8004514246672472,63,103,844,29,13.76
1,4878,4878,5.6386921,1.1561804592987492,1.9481,6,1.03362195049791,1.18300423936064,1.468219963083625,1.8004514246672472,47,92,845,28,13.020000000000001
1,4878,4878,5.3643081,1.099919643223293,1.7451999999999999,98,1.173454343173575,1.9672521182058287,1.9672521182058287,1.8004514246672472,58,101,841,28,13.33
1,4878,4878,5.7132113,1.1714601804387943,1.7756,686,1.0992500706981974,2.2516251946854924,2.320156908713475,1.8004514246672472,48,94,854,29,13.33
1,4878,4878,5.4465361,1.1167800082017634,1.779,255,1.1523670102659171,1.8460686642872688,1.8460686642872688,1.8004514246672472,51,93,845,29,13.33
1,4878,4878,5.4039717,1.108052429772401,1.8734,976,0.9441503161179903,1.4743442414099917,1.4798431843893904,1.8004514246672472,63,104,857,27,13.640000000000002
1,4878,4878,5.3891901,1.1050215501332787,1.7687,37,1.0429133450799928,1.052361986365969,1.5455920825244625,1.8004514246672472,61,104,833,29,13.020000000000001
1,4878,4878,5.5024543,1.1282457043264302,2.8807,177,1.041732705354189,2.319048186294163,2.3240190880209597,1.8004514246672472,62,100,865,28,13.33
1,4878,4878,9.2172643,1.8899455197867543,1.8899455197867543,66,0.9437945460849044,1.9671890239375813,1.9863064448464252,1.8004514246672472,53,97,867,29,13.33
1,4878,4878,11.9395516,2.4481344269017837,4.2249,1159,1.130925944704939,1.960566619274072,1.9689075489270587,1.8004514246672472,51,94,847,29,13.020000000000001
1,4878,4878,11.9497744,2.450230551568587,2.7058999999999997,3,1.1078144272518802,1.2816915166700011,1.5465409957366425,1.8004514246672472,54,100,859,29,13.440000000000001
1,4878,4878,10.6124025,2.1760103547262664,3.2918000000000003,31,1.01838606424671,1.7925426570042444,1.8312021153115066,1.8004514246672472,55,106,852,28,13.020000000000001
1,4878,4878,10.3161731,2.1152702686077505,8.6578,1,1.186441323242516,1.186441323242516,1.9195661665762387,1.8004514246672472,47,89,837,29,13.020000000000001
1,4878,4878,10.4378583,2.140221099036293,2.8968000000000003,388,1.0784503456111936,2.041149166688378,2.041149166688378,1.8004514246672472,52,96,858,30,13.860000000000001
1,4878,4878,10.5293847,2.1589880459298745,2.7131,711,1.16058468365886,2.066357437679933,2.1281231292743445,1.8004514246672472,59,99,875,28,13.33
1,4878,4878,10.3546134,2.1231522247283166,2.6271,54,1.1286295904172747,1.7577502893652324,1.7577502893652324,1.8004514246672472,53,97,851,30,13.33
1,4878,4878,10.5380402,2.1607628050030754,3.1494999999999997,4,0.9574384520813266,1.0123979599281119,1.3985239351470207,1.8004514246672472,61,105,859,29,13.33
1,4878,4878,10.06906,2.06460118925569,3.7854,473,0.9487464884397014,1.7612313977709884,1.7612313977709884,1.8004514246672472,55,95,861,29,13.440000000000001
1,4878,4878,9.8474167,2.019154541726471,3.1397999999999997,18,0.989540585852627,1.9212117671151827,1.9223669396677836,1.8004514246672472,58,104,862,28,13.33
0,4658,4878,9.4419528,2.027475370410135,3.6102
1,4878,4878,10.2074814,2.0929836784908757,2.5102,81,1.0908636242493936,1.960496408904105,1.960496408904105,1.8004514246672472,62,106,859,29,13.200000000000001
1,4878,4878,10.2710059,2.1060090014353086,2.4085,183,2.0845828514712768,2.2355270741983095,2.2734044059823413,1.8004514246672472,74,111,873,27,15.190000000000001
1,4878,4878,10.4000102,2.132460570022555,2.1431,49,1.066524377641699,1.9538962581526298,1.9538962581526298,1.8004514246672472,55,96,835,31,13.440000000000001
1,4878,4878,8.928715799999999,1.830780356776707,3.5148,39,1.0537837520304,1.943670375957922,1.943670375957922,1.8004514246672472,57,99,849,29,13.33
1,4878,4878,5.8016873,1.1896016608570843,1.7689,168,1.0239471084382499,1.235534255917882,1.7955144161282846,1.8004514246672472,59,105,859,28,13.950000000000001
1,4878,4878,5.5795787,1.1440596063153579,1.8016,2,1.6596362673410079,1.7924816791608587,1.9706103362021183,1.8004514246672472,45,89,829,25,12.760000000000003
1,4878,4878,5.7931307,1.1878471806438384,1.8372,54,1.106229921493018,1.950584537927805,2.0022440212114354,1.8004514246672472,53,101,841,28,13.020000000000001
1,4878,4878,5.7868542,1.1865602214476112,1.866,2,1.126069801564444,1.1284511103748376,1.4870550111773748,1.8004514246672472,46,91,835,28,13.020000000000001
1,4878,4878,5.6395087,1.1563478982981341,1.8028,253,1.0929708869551062,1.964469222144774,1.964469222144774,1.8004514246672472,58,101,864,29,13.76
1,4878,4878,5.7701163,1.1831282140660242,2.3525,1,1.058973541656845,1.058973541656845,1.6659154366455837,1.8004514246672472,62,104,853,28,13.33
1,4878,4878,5.733812,1.1756842321099037,1.8324,46,1.028353579793528,2.0973961237976892,2.099176169141737,1.8004514246672472,54,99,857,28,13.33
1,4878,4878,5.3908105,1.105353803567767,1.8397000000000001,8,1.0627450847527669,1.0634352818654784,1.7616320694178984,1.8004514246672472,71,107,860,27,14.4
1,4878,4878,5.662773,1.1611181053926594,1.9984,92,1.036309759375505,1.9597387024315782,1.968413792186305,1.8004514246672472,55,99,847,27,13.33
1,4878,4878,6.284934,1.2886885380356776,1.9498,181,1.0454264273817644,1.9339821164615363,1.9339821164615363,1.8004514246672472,52,96,857,29,13.020000000000001
1,4878,4878,8.0986464,1.660579536600369,2.442,2,1.1154925819925667,1.295455477028207,1.3868301111217942,1.8004514246672472,56,96,852,29,13.020000000000001
1,4878,4878,10.9656765,2.248447098626205,2.5393,522,0.9368021088904193,1.7230623507012426,1.7230623507012426,1.8004514246672472,49,90,847,30,13.020000000000001
1,4878,4878,10.6111406,2.1757516095960634,2.1785433008904533,9,1.104949791978572,1.2534017222336402,1.5354850645101807,1.8004514246672472,59,100,864,31,13.200000000000001
1,4878,4878,11.0715844,2.27016288702071,4.0369,3,1.0286269249244429,1.278523428588859,1.3697812596342016,1.8004514246672472,51,96,872,28,13.76
1,4878,4878,10.5256678,2.1582259175722784,2.6442,102,1.1166159781018739,1.9977221762264903,1.9977221762264903,1.8004514246672472,57,98,871,28,13.440000000000001
1,4878,4878,10.4871432,2.1503266762353905,2.7843,81,1.0964686305932243,1.898673802554594,1.899713611857257,1.8004514246672472,59,99,838,30,13.33
1,4878,4878,10.2908288,2.110073569817511,4.315799999999999,83,1.0599957375294728,1.8192106668660883,1.8192106668660883,1.8004514246672472,62,101,847,30,13.5
1,4878,4878,10.2078624,2.0930618002870616,3.0286000000000004,1380,1.0711938155745258,1.7756529532361796,1.7845097194071973,1.8004514246672472,49,93,857,28,13.33
1,4878,4878,7.5588904,1.549905761738774,2.7532,849,1.0874015364525482,1.3550649934068884,1.5048200532557898,1.8004514246672472,51,100,854,29,13.33
0,4662,4878,6.2749059,1.346257434027033,2.316
1,4878,4878,5.9328099,1.2164875743284804,1.7582,10,1.0901038850452287,1.1867799835298343,2.0024551023652393,1.8004514246672472,53,95,839,28,13.020000000000001
1,4878,4878,5.9031943,1.2104150707402093,2.2935,599,1.588511897007632,1.8645589978779105,2.0833731481073987,1.8004514246672472,46,86,810,28,12.180000000000001
1,4878,4878,5.8946687,1.2086669468935822,2.3075,45,1.587551334043197,1.7164858570650308,1.8450151802910932,1.8004514246672472,48,89,816,28,11.760000000000002
1,4878,4878,6.368412,1.3058052081197458,2.9692999999999996,38,1.1422414884373522,1.968859469987991,1.9782012341290314,1.8004514246672472,44,86,849,28,13.640000000000002
1,4878,4878,6.2726729,1.2861744720114823,1.9684,60,1.0153863700460515,2.23840508873688,2.2444218645212906,1.8004514246672472,53,97,858,30,12.899999999999999
1,4878,4878,6.0464028,1.2397791265122,1.9013,1018,1.5469688129408468,1.7792937863610794,1.9373396745919556,1.8004514246672472,46,83,806,28,11.890000000000002
,,,,,,,,,,,,,,,
489,,,,,,,,,,,,,,,
0.9610391387886836,,,,,,,,,,,,,,,
0.9876719917300725,,,,,,,,,,,,,,,
