num_particles,,robot_radius_m,square_size_m,selection_strategy,weight_strategy,clear_x_y_noise,clear_theta_noise,collide_x_y_noise,collide_theta_noise,,,,,,
2000,,0.2032,0.1,RankProportion,MinPose,0.0007,0.0002°,0.032,0.6200°,,,,,,
,,,,,,,,,,,,,,,
succeeds,,num_iterations,transcript_length,duration,mean_iteration_time,max_iteration_time,closest_particle_rank,closest_particle_to_actual,best_particle_to_actual,farthest_particle_to_actual,odometry_to_actual,open_frontier,all_frontier,all_space,num_obstacles
1,,3931,3931,12.9844044,3.303919695,4.8043,2,0.491131556,0.493106397,0.719900118,0.603316779,61,108,626,31
0,,3342,3931,13.6998777,4.100532086,4.6368,,,,,,,,,
0,,3805,3931,17.1049491,4.496569164,4.902,,,,,,,,,
0,,3805,3931,16.7338699,4.399019427,4.399019427,,,,,,,,,
1,,3931,3931,18.8552322,4.797769008,5.2418,219,0.254121824,0.588288871,0.611127987,0.603316779,64,112,617,32
0,,3417,3931,13.8885948,4.065747892,4.065747892,,,,,,,,,
0,,3275,3931,14.3766911,4.391170159,4.7857,,,,,,,,,
0,,3809,3931,17.5973617,4.621155909,5.2954,,,,,,,,,
1,,3931,3931,19.5265283,4.968582265,5.174,1999,1.010802231,1.360072538,1.360072538,0.603316779,61,105,660,36
0,,3809,3931,18.186424,4.775846639,5.1666,,,,,,,,,
1,,3931,3931,19.270495,4.903433842,5.5144,1755,1.118575229,1.360621503,1.384231677,0.603316779,69,116,705,31
0,,3275,3931,14.2288936,4.346027367,5.5643,,,,,,,,,
1,,3931,3931,17.6885006,4.500890738,4.502192502,331,0.374994903,0.48607357,0.591962017,0.603316779,56,105,655,29
1,,3931,3931,19.4571497,4.950928677,7.9633,423,0.929440984,1.280325626,1.280325626,0.603316779,58,105,628,34
0,,3804,3931,17.7684182,4.672210939,5.243,,,,,,,,,
0,,3805,3931,15.8754486,4.173356625,4.5889,,,,,,,,,
0,,3274,3931,12.5658275,3.839238466,3.839238466,,,,,,,,,
1,,3931,3931,17.7067393,4.505531628,4.6023,187,1.100370723,1.429416383,1.429416383,0.603316779,61,106,697,31
0,,3275,3931,13.3560918,4.0794416,5.5865,,,,,,,,,
0,,3656,3931,15.4865065,4.237074282,7.3993,,,,,,,,,
0,,3342,3931,9.9478196,2.977497635,3.9091,,,,,,,,,
0,,3820,3931,16.562933,4.336981671,4.8085,,,,,,,,,
0,,3275,3931,15.1966306,4.641609835,5.8076,,,,,,,,,
0,,3820,3931,18.7025011,4.897224692,5.1856,,,,,,,,,
0,,3816,3931,18.5938098,4.873868886,5.1187,,,,,,,,,
0,,3813,3931,17.8989019,4.695409732,5.4668,,,,,,,,,
0,,3810,3931,18.3868345,4.827207797,4.827207797,,,,,,,,,
0,,3420,3931,15.7238751,4.598969026,5.0887,,,,,,,,,
0,,3342,3931,15.1075264,4.521857647,5.3886,,,,,,,,,
1,,3931,3931,14.7746232,3.759446107,4.7678,1475,1.10891768,1.430103196,1.430103196,0.603316779,64,109,691,29
1,,3931,3931,12.9235188,3.288427176,4.5982,1992,1.810391815,1.990221227,1.9966435,0.603316779,90,140,732,36
0,,3810,3931,18.7849825,4.93173602,4.93173602,,,,,,,,,
0,,3658,3931,16.8629363,4.611139267,4.611139267,,,,,,,,,
0,,3656,3931,18.3346269,5.016313789,5.2301,,,,,,,,,
0,,3342,3931,15.2038417,4.550685932,4.9174,,,,,,,,,
0,,3902,3931,20.2647955,5.194769418,5.3604,,,,,,,,,
0,,3342,3931,15.9033325,4.760051631,5.2104,,,,,,,,,
0,,3820,3931,20.0331583,5.245655486,5.5353,,,,,,,,,
0,,3275,3931,15.3249571,4.680805467,6.3573,,,,,,,,,
0,,3820,3931,20.0684764,5.254903483,5.3574,,,,,,,,,
0,,3820,3931,19.6552296,5.146695365,5.146695365,,,,,,,,,
0,,3820,3931,19.4696049,5.098089788,5.2201,,,,,,,,,
0,,3656,3931,17.7589203,4.858801724,4.858801724,,,,,,,,,
0,,3820,3931,20.0585346,5.252300236,5.6199,,,,,,,,,
0,,3342,3931,15.7958393,4.727877671,5.1226,,,,,,,,,
1,,3931,3931,19.6162616,4.991415165,5.9084,705,0.910727733,1.150311027,1.236976225,0.603316779,57,99,644,31
0,,3656,3931,18.2149062,4.983558468,8.2134,,,,,,,,,
0,,3805,3931,20.5680729,5.406959227,5.406959227,,,,,,,,,
0,,3275,3931,15.9744436,4.879182529,5.7225,,,,,,,,,
1,,3931,3931,21.4065822,5.446967481,5.446967481,778,0.514267319,0.679309301,0.679309301,0.603316779,62,112,644,31
0,,3820,3931,19.1489651,5.014130689,5.9739,,,,,,,,,
0,,3271,3931,15.0289393,4.596005902,4.9703,,,,,,,,,
1,,3931,3931,19.5099483,4.964363435,4.966198367,1707,1.192787244,1.438905609,1.438905609,0.603316779,93,138,732,31
1,,3931,3931,21.1344849,5.377731527,5.378700841,1898,1.200910646,1.403175701,1.410132565,0.603316779,75,122,687,30
0,,3820,3931,18.5946077,4.868972951,6.0914,,,,,,,,,
0,,3656,3931,18.079744,4.946578386,5.3894,,,,,,,,,
1,,3931,3931,19.87609,5.057529262,5.3764,4,0.360091278,0.367695432,0.720373147,0.603316779,56,92,634,28
0,,3820,3931,16.4085102,4.296546269,4.4439,,,,,,,,,
1,,3931,3931,12.686773,3.228186514,4.749,1997,1.315682908,1.539158104,1.557202915,0.603316779,59,104,720,34
0,,3656,3931,11.2517735,3.078460602,3.7932,,,,,,,,,
0,,3895,3931,20.3856761,5.235150514,5.235150514,,,,,,,,,
1,,3931,3931,18.8417059,4.794327201,4.794714952,1986,0.716705153,1.047192174,1.074266863,0.603316779,58,108,654,33
0,,3820,3931,18.525607,4.850905211,5.5704,,,,,,,,,
1,,3931,3931,19.7977775,5.037602417,5.2237,16,0.520745984,0.618959737,0.780514581,0.603316779,64,107,645,30
1,,3931,3931,19.7215732,5.01821201,7.4162,259,0.334484313,0.530376478,0.813900042,0.603316779,62,104,638,28
0,,3275,3931,15.3689204,4.694233476,5.1364,,,,,,,,,
0,,3497,3931,17.2664658,4.938920423,4.941473581,,,,,,,,,
0,,3658,3931,17.6947159,4.838587886,4.838587886,,,,,,,,,
0,,3407,3931,16.2301684,4.765169818,5.8967,,,,,,,,,
0,,3275,3931,15.0535253,4.597900214,5.869,,,,,,,,,
0,,3656,3931,17.7574099,4.858388482,5.9017,,,,,,,,,
0,,3273,3931,12.3517907,3.774997158,5.6592,,,,,,,,,
0,,3820,3931,12.182956,3.1900906,4.3786,,,,,,,,,
0,,3656,3931,11.3470084,3.104516662,4.5427,,,,,,,,,
1,,3931,3931,12.4457224,3.166850483,4.2063,1753,0.334851489,0.665168522,0.665168522,0.603316779,59,98,655,28
0,,3342,3931,12.0680557,3.61210886,5.2692,,,,,,,,,
0,,3275,3931,14.7491788,4.5049416,6.7557,,,,,,,,,
0,,3809,3931,19.4888482,5.1178698,6.0316,,,,,,,,,
0,,3275,3931,15.446413,4.717902566,5.6396,,,,,,,,,
0,,3275,3931,15.3741294,4.695824496,4.695824496,,,,,,,,,
0,,3421,3931,16.495855,4.823349415,7.115,,,,,,,,,
0,,3274,3931,15.226585,4.652179957,6.7737,,,,,,,,,
0,,3820,3931,19.1155632,5.005384446,5.2187,,,,,,,,,
0,,3342,3931,15.9497622,4.773948578,11.7076,,,,,,,,,
1,,3931,3931,21.2404276,5.404688957,5.4129063,1559,0.977777778,1.094301185,1.250271856,0.603316779,48,92,634,33
1,,3931,3931,19.924354,5.069810178,6.948,4,0.733000154,0.734365443,0.965665077,0.603316779,57,100,642,31
1,,3931,3931,20.7607379,5.282630509,5.6613,1080,1.277212379,1.43089334,1.527532461,0.603316779,72,124,717,30
1,,3931,3931,20.2303305,5.147666794,5.8641,1,1.130131221,1.130131221,1.434342807,0.603316779,70,117,699,32
0,,3275,3931,15.4403355,4.716046274,5.485,,,,,,,,,
0,,3820,3931,13.9631467,3.656231134,5.2796,,,,,,,,,
0,,3272,3931,9.7535744,2.981832589,4.6552,,,,,,,,,
1,,3931,3931,12.4276448,3.162250585,4.6671,1891,0.827340716,1.061412352,1.061412352,0.603316779,72,118,664,29
0,,3899,3931,12.0595434,3.093777168,4.1336,,,,,,,,,
1,,3931,3931,20.0798762,5.109383257,5.1247,2,1.364168616,1.441418169,1.637873316,0.603316779,65,111,727,33
0,,3275,3931,16.2738985,4.970647068,5.7075,,,,,,,,,
0,,3810,3931,19.6143196,5.149466947,5.9878,,,,,,,,,
1,,3931,3931,20.0525534,5.102430891,5.1289,104,0.24618975,0.358215208,0.549907448,0.603316779,57,106,627,31
1,,3931,3931,20.7690758,5.284752112,7.3361,1559,0.516017424,0.796265992,0.796265992,0.603316779,64,108,659,30
1,,3931,3931,20.0673439,5.106194377,7.3988,1734,0.257558797,0.712971067,0.712971067,0.603316779,56,102,608,28
1,,3931,3931,19.7975296,5.037539338,5.2809,1993,1.401725449,1.618760278,1.618760278,0.603316779,73,125,712,31
,,,,,,,,,,,,,,,
29,Median,3810,,17.64293115,4.774897608,5.238475257,1080,0.910727733,1.094301185,1.236976225,,,,,
,Min,3271,,9.7535744,2.977497635,3.7932,1,0.24618975,0.358215208,0.549907448,,,,,
,Max,3931,,21.4065822,5.446967481,11.7076,1999,1.810391815,1.990221227,1.9966435,,,,,
,Mean,3680.86,,16.92536422,4.590580707,5.424407621,1014.241379,0.839004252,1.042662609,1.128811568,,,,,
,Stdev,259.2198092,,2.858764785,0.637565757,1.055245419,824.6919622,0.423463045,0.438199204,0.396108214,,,,,
