num_particles,robot_radius_m,square_size_m,selection_strategy,weight_strategy,clear_x_y_noise,clear_theta_noise,collide_x_y_noise,collide_theta_noise,obstacle_noise
1000,0.2032,0.1,Weighted,MinPose,0.0007,0.0002°,0.032,0.6200°,true

succeeds,num_iterations,transcript_length,duration,mean_iteration_time,max_iteration_time,closest_particle_rank,closest_particle_to_actual,best_particle_to_actual,farthest_particle_to_actual,odometry_to_actual,open_frontier,all_frontier,all_space,num_obstacles,map_area
1,3931,3931,5.0380555,1.2819479643765903,2.3402000000000003,3,0.5317382571406097,0.6456467904006675,0.9852610763328209,0.6033167791713976,72,113,665,30,11.25
1,3931,3931,6.603465,1.6802709923664123,2.7681,734,0.3744163731471256,0.8595284757596962,0.8595284757596962,0.6033167791713976,62,107,639,33,11.040000000000003
1,3931,3931,6.6922048,1.7028510941475825,2.3079,4,0.7663578743325993,0.7919846601405768,1.0918356078354055,0.6033167791713976,66,109,664,32,10.75
1,3931,3931,7.0201359,1.7862941221374045,1.7862941221374045,3,1.2664226163478618,1.3189092669823763,1.5119910281558715,0.6033167791713976,65,106,708,33,11.880000000000003
1,3931,3931,6.5613942,1.6695659541984733,2.6486,978,0.6990078045733571,1.2070971704202593,1.4483923525835622,0.6033167791713976,60,100,669,32,11.18
1,3931,3931,6.6926436,1.7029627480916032,3.1799,2,1.1919063363244693,1.196381620003776,1.6488105168157128,0.6033167791713976,78,123,717,33,11.61
0,3268,3931,5.8498301999999995,1.7905816345270889,2.0377
1,3931,3931,7.0223024,1.7868453944020357,2.5393,688,0.45408709015584964,1.6330455554238337,1.6350497254210243,0.6033167791713976,58,102,644,33,10.75
1,3931,3931,7.2304819,1.8398172773536896,2.8877,254,0.5186450658674306,1.8142028448769205,1.8142028448769205,0.6033167791713976,66,108,634,29,11.25
1,3931,3931,7.1458028,1.8182704325699746,2.7176,1,0.7629612335807712,0.7629612335807712,1.3793794055817112,0.6033167791713976,51,97,657,32,10.250000000000002
1,3931,3931,5.894012,1.4997486005089058,2.004811184210526,1,1.1890330259101975,1.1890330259101975,1.656368179393616,0.6033167791713976,69,113,695,34,11.890000000000002
1,3931,3931,4.3712173,1.1122690330788803,1.5393,33,0.4570346618242979,0.8840154622913283,0.8840154622913283,0.6033167791713976,58,99,620,29,10.560000000000002
1,3931,3931,4.3979473,1.1190705597964377,1.4629,738,0.950584355305672,1.6548757654769364,1.6548757654769364,0.6033167791713976,53,99,655,32,10.080000000000002
1,3931,3931,5.5250584,1.4058672773536895,1.4427,709,0.6513040183069246,1.5119854539258821,1.5119854539258821,0.6033167791713976,64,105,662,31,10.75
1,3931,3931,7.1428802000000005,1.8175267684478373,2.7392,1,1.282973345193756,1.282973345193756,1.6359261668701655,0.6033167791713976,66,108,704,34,12.040000000000001
1,3931,3931,7.0223903,1.7868677608142494,1.8676000000000001,12,0.5866939155387086,0.6128979416639168,1.545209862976297,0.6033167791713976,57,105,647,27,10.32
1,3931,3931,6.6001755,1.6794339694656486,1.905,2,0.7992804063737635,0.8098494460137377,1.4619418093396779,0.6033167791713976,65,108,672,30,10.75
1,3931,3931,6.5156323,1.6579217048346055,2.1732,59,0.580637904752811,0.8195427492563612,0.8195427492563612,0.6033167791713976,54,103,609,34,10.32
1,3931,3931,6.7418018,1.7154711959287532,3.019,658,0.8516104747246888,1.6061425673681187,1.6061425673681187,0.6033167791713976,47,90,634,34,10.5
1,3931,3931,6.4616153,1.644176921119593,2.9991000000000003,333,0.8106183926380821,1.1608806259489728,1.246375833462596,0.6033167791713976,64,108,673,31,11.440000000000001
1,3931,3931,6.6048755,1.6806298982188295,2.7321,2,0.5552940647028368,0.5761722739124128,1.1699625552843238,0.6033167791713976,70,119,674,32,11.760000000000003
1,3931,3931,6.3465305,1.6148932569974555,2.1826,395,0.4053244727528822,1.213274646630112,1.2780007178295483,0.6033167791713976,61,104,631,31,10.5
1,3931,3931,6.4509048,1.6414516030534352,4.4596,569,0.4927790939472025,1.202589769774383,1.255141178069794,0.6033167791713976,67,112,647,31,10.920000000000002
1,3931,3931,6.4750251,1.6475890839694656,1.8192,74,0.7911910453809096,0.9192257114392776,1.1628338928498005,0.6033167791713976,62,107,651,30,10.5
1,3931,3931,6.6160142,1.68346417302799,1.8599,17,0.9151950419689119,1.4769182594033485,1.4954461194859014,0.6033167791713976,65,106,678,33,11.18
1,3931,3931,6.7098912,1.7073514503816793,2.7371000000000003,5,0.35048409253646495,0.39257351882161934,0.7360766249767801,0.6033167791713976,63,108,667,31,11.700000000000001
1,3931,3931,6.369335,1.6206959287531806,1.8741999999999999,492,0.3984418774724549,1.1201774388911883,1.1413681003063083,0.6033167791713976,55,98,644,28,10.32
1,3931,3931,6.9597324,1.7709242748091603,2.1955999999999998,1,0.5100285033706413,0.5100285033706413,1.0120853093106943,0.6033167791713976,71,113,647,29,11
1,3931,3931,7.2556301,1.84621631043257,2.8587000000000002,3,0.7860685054609815,0.9015416335704426,1.0803781526745666,0.6033167791713976,53,97,661,33,10.560000000000002
1,3931,3931,7.2624559,1.847953155216285,2.7599,20,1.0167485842560522,1.03436644400672,1.3504777153882086,0.6033167791713976,50,107,676,33,10.5
1,3931,3931,7.3057895,1.8589795165394405,1.8660563170285116,20,0.9065188461450735,1.2261209709573975,1.3006797530688443,0.6033167791713976,50,97,657,30,10
0,3810,3931,6.9799902,1.8324993961669727,2.637
0,3901,3931,7.1429586,1.8315278461538462,1.8315278461538462
1,3931,3931,7.2535022,1.8456748600508905,2.8078,999,1.1681699989128729,1.4530840431520868,1.4616970710400805,0.6033167791713976,64,112,693,33,10.75
1,3931,3931,7.636452,1.9431175572519084,2.7931000000000004,908,0.26073742008819584,0.984680792105135,0.984680792105135,0.6033167791713976,59,108,620,33,10.8
1,3931,3931,7.3675594,1.874697048346056,2.6168,5,0.8705874151719054,0.9709319948045633,1.2834419933401453,0.6033167791713976,56,102,645,32,10.5
1,3931,3931,7.4539447,1.8966780407124681,2.6736,146,0.7599164251939537,1.5704448974847827,1.5704448974847827,0.6033167791713976,63,107,659,31,10.75
1,3931,3931,7.4230755,1.8888232824427482,2.7489,2,0.9480392359885538,1.029407652796338,1.1865529979595724,0.6033167791713976,61,109,652,31,10.75
0,3268,3931,5.8360329,1.7863584022038568,3.489
1,3931,3931,7.3814078,1.878220814249364,2.6285000000000003,280,0.93002960218768,1.1695860255183195,1.2169196069285166,0.6033167791713976,53,103,640,34,10.5
1,3931,3931,7.3103864,1.8601492111959286,4.2179,3,1.3413235741919756,1.3758569452563363,1.744441605078422,0.6033167791713976,66,111,715,34,11.760000000000002
1,3931,3931,7.4601702,1.8982621374045803,2.6115,4,0.44822677754253554,0.4514717266748454,0.9586301848620568,0.6033167791713976,62,104,645,29,10.32
1,3931,3931,7.3682275,1.8748670483460559,2.4337,15,0.3459008745448915,0.514986015181116,0.7117209551987836,0.6033167791713976,75,118,653,31,10.8
0,3820,3931,6.6249729,1.7347402199528674,2.7843
1,3931,3931,7.4621705,1.8987711195928754,3.1576,969,0.8248628366827848,1.0804004568503325,1.0804004568503325,0.6033167791713976,56,101,649,32,10.080000000000002
1,3931,3931,7.2808091,1.8526231806615774,2.3211999999999997,587,0.7166011997879504,0.9976723152676872,1.0364754519100114,0.6033167791713976,69,105,666,32,11.25
1,3931,3931,7.1401461,1.8168310687022902,2.971,24,0.9590327941452969,1.200991294887762,1.2832410515226553,0.6033167791713976,59,111,679,32,10.920000000000002
1,3931,3931,7.1745282,1.8255796946564884,2.9503,87,0.7863128302365023,0.788681848053505,1.5575974552556113,0.6033167791713976,67,114,647,29,10.75
1,3931,3931,7.4061243,1.8845100000000001,2.7791,52,0.5672557872741298,0.9133857532532745,0.9134844066769826,0.6033167791713976,66,106,653,29,10.920000000000002
0,3820,3931,7.3151185,1.9154539146373395,3.4198000000000004
1,3931,3931,7.6041437,1.9348966157760814,2.5893,576,0.4199027620559485,1.0734260646176372,1.0734260646176372,0.6033167791713976,63,103,660,31,10.75
1,3931,3931,7.1207768,1.8119024936386767,2.4462,96,0.8234785746570955,1.2395517762353205,1.2475024794885994,0.6033167791713976,69,109,660,30,10.75
1,3931,3931,7.4421004,1.893664223918575,2.4116,866,1.4234676093396024,1.8154189244135872,1.8154189244135872,0.6033167791713976,84,136,732,30,12.600000000000001
1,3931,3931,6.3650872,1.6196150636132316,2.6794000000000002,186,0.6197968409666863,1.39505654870559,1.39505654870559,0.6033167791713976,61,106,644,35,10.560000000000002
1,3931,3931,4.4170255,1.1239250636132316,1.4507999999999999,2,0.9175502709279135,0.9216103810137314,1.23165286835815,0.6033167791713976,69,113,695,30,11.760000000000002
1,3931,3931,4.4040061999999995,1.1206122646310432,1.4632,727,0.3801624262476323,1.178108857467498,1.178108857467498,0.6033167791713976,68,106,632,32,11
1,3931,3931,4.5633329,1.161153409669211,1.4384000000000001,477,0.5651681818461358,0.9390643706338078,1.0228604840428421,0.6033167791713976,74,124,695,31,12.750000000000002
0,3820,3931,4.3411569,1.1367260801256873,1.4992
1,3931,3931,4.3887899,1.1167404325699746,2.0585,6,0.9361164776739161,1.1710921305946584,1.7188432806583995,0.6033167791713976,54,98,634,34,10.080000000000002
0,3820,3931,4.35811,1.1411652264990835,1.4423000000000001
1,3931,3931,4.5321644,1.1532224936386768,1.9073,19,0.5127072062527046,0.5537485311001277,0.8454220583313287,0.6033167791713976,71,113,644,31,10.560000000000002
0,3656,3931,4.1344952,1.1311888372093024,1.8361
1,3931,3931,4.5598404,1.1602647328244275,1.6391,277,1.230614795704717,1.4618324882267852,1.6941036183733624,0.6033167791713976,81,135,727,35,12.760000000000003
1,3931,3931,3.7720589,0.9598114249363867,1.4834,1,0.9847685961389329,0.9847685961389329,1.3538561843599313,0.6033167791713976,67,110,692,35,11.070000000000002
1,3931,3931,4.4435402,1.1306718066157762,1.4765,31,0.9574270029443606,1.1597733581455032,1.3583693514768935,0.6033167791713976,57,93,640,37,10.250000000000002
1,3931,3931,4.3911984,1.1173532824427481,1.4438,208,0.8561420245277626,1.0288022995120334,1.3162721875103713,0.6033167791713976,78,121,667,28,10.75
1,3931,3931,4.5838321,1.1663694910941478,1.5975,203,1.0610590233635935,1.4651646533473672,1.5579781701173643,0.6033167791713976,75,119,690,32,12.15
1,3931,3931,4.3305107,1.1019111195928752,1.4621,33,1.2469749539247195,1.6354357892154083,1.6354357892154083,0.6033167791713976,65,111,695,32,11.070000000000002
1,3931,3931,4.4804841,1.1400722900763358,1.5807,862,0.8646870523585991,1.528394990061604,1.5353807068745882,0.6033167791713976,51,103,617,32,10.080000000000002
1,3931,3931,4.4954321,1.1438758524173027,1.4377,998,0.4392098967176019,1.0053563483141545,1.0053563483141545,0.6033167791713976,58,101,644,31,10.250000000000002
1,3931,3931,4.5561963,1.1593374809160304,1.7965,6,1.0594247017540424,1.1122893210590237,1.949523634109187,0.6033167791713976,49,96,655,32,10.5
1,3931,3931,4.4923531,1.1430923918575064,1.5497,998,1.0053083224655293,1.1117926991240916,1.22107823392437,0.6033167791713976,71,115,678,33,11
1,3931,3931,4.4045678,1.120755165394402,1.4558,816,1.310524120449194,1.4295430361151134,1.6891402315614528,0.6033167791713976,71,113,734,34,12.040000000000001
1,3931,3931,4.4253295999999995,1.1260380661577607,1.4635,969,0.7401896162190819,1.704685390436644,1.7161022273024533,0.6033167791713976,57,102,655,34,10.32
1,3931,3931,4.4173396,1.1240049872773537,1.4544,104,1.0780983629246954,1.3054651374255626,1.5774926667354985,0.6033167791713976,69,111,681,33,11.070000000000002
1,3931,3931,4.3690794,1.111725038167939,1.5897999999999999,376,0.8865827717068688,1.4772090279545544,1.4772090279545544,0.6033167791713976,57,104,643,35,10.75
1,3931,3931,4.3225512,1.0998858015267177,1.5154,260,0.6094738875593539,1.6797440962119181,1.6797440962119181,0.6033167791713976,50,92,651,32,10.5
1,3931,3931,4.4614817,1.1352370737913486,1.6159,34,0.6507459900477334,1.107503161911284,1.3203061066363408,0.6033167791713976,57,106,652,31,10.5
0,3820,3931,4.3120719,1.1291102120974077,1.6599
1,3931,3931,4.5285971,1.1523147837150127,1.8658,377,1.318334058195075,1.672639045992155,1.6972859060911119,0.6033167791713976,73,118,723,36,11.760000000000002
1,3931,3931,4.447521,1.1316847328244275,1.8214,69,0.42373504833067,0.4413684483207958,1.6045416545687499,0.6033167791713976,63,104,659,32,10.75
1,3931,3931,4.5618408,1.1607737404580152,2.0725000000000002,278,1.3177171208901268,1.5762453997500898,1.6035398479868326,0.6033167791713976,71,113,723,36,12.180000000000001
1,3931,3931,4.4045916,1.1207612213740457,1.5865,5,0.7275574916442503,1.2736838517362867,1.2747349890359019,0.6033167791713976,56,104,655,31,10.5
1,3931,3931,4.4520159,1.1328284732824427,1.5269000000000001,18,0.42906168028782615,0.576646535251207,0.8834309873209644,0.6033167791713976,51,98,663,31,11.25
1,3931,3931,4.4295687,1.1271167175572518,1.4497,392,1.5845580490687758,1.908941816403961,2.0623445619457916,0.6033167791713976,87,135,724,33,12.760000000000003
1,3931,3931,4.4018271,1.120057786259542,2.3493,5,0.8890359098029609,0.9678915443535321,1.588648591019825,0.6033167791713976,58,99,606,31,10.080000000000002
1,3931,3931,4.5007676,1.1452334860050888,1.4630999999999998,1,0.6747707321590762,0.6747707321590762,1.1801827640126168,0.6033167791713976,68,105,648,29,11
1,3931,3931,4.5950811,1.1692318320610686,1.4588999999999999,31,0.19087964459221196,0.3222915888766695,0.5396466298173684,0.6033167791713976,54,102,633,33,11.500000000000002
1,3931,3931,4.6358989,1.1796180407124681,1.6332,2,1.2711072611957215,1.3641910018121755,1.8347163463867564,0.6033167791713976,84,128,708,37,11.760000000000002
1,3931,3931,4.4928985,1.1432311704834606,1.474,2,0.8073044915724732,0.8217636808433194,1.2583047539712533,0.6033167791713976,61,105,695,32,11.340000000000002
1,3931,3931,3.7847688,0.9630454961832062,1.6115000000000002,21,0.33566291295497874,0.6070781177841708,0.7612902398739889,0.6033167791713976,65,111,634,32,10.32
1,3931,3931,4.2329567,1.0770882188295166,1.0778077630234935,2,0.7390090772176615,0.7400780927391309,1.020163591947589,0.6033167791713976,64,110,653,28,10.75
1,3931,3931,4.432441,1.127847582697201,1.6432,392,1.0962518173946876,1.2961076229125184,1.730166732779068,0.6033167791713976,59,106,688,31,11.18
1,3931,3931,4.4670024,1.1366418320610687,1.8090000000000002,524,0.28331593379047354,1.5153476415255527,1.515700594474717,0.6033167791713976,64,104,611,29,10.560000000000002
1,3931,3931,4.4223661,1.1252839949109412,1.4633,974,0.3200520264612876,0.8357127762924303,0.8357127762924303,0.6033167791713976,54,101,626,30,10.75
1,3931,3931,4.4871945,1.1417797709923665,2.0117,3,0.6657925046092869,0.6839310954962002,0.9405611843256961,0.6033167791713976,64,110,652,29,10.8
1,3931,3931,4.2705959,1.0866656234096692,1.7696,2,0.19030520236773826,0.42691694109342937,0.5015728943881702,0.6033167791713976,57,99,620,30,10.560000000000002
1,3931,3931,4.4040546,1.1206245801526717,2.0366999999999997,14,0.4429442942554596,1.004842654659959,1.0130752713316435,0.6033167791713976,53,95,645,30,9.840000000000003
1,3931,3931,4.4133712,1.1229952162849874,1.4732,38,0.53828637216287,0.5561435739284499,1.0720319402003484,0.6033167791713976,77,118,644,32,11.280000000000003
1,3931,3931,4.4177872,1.124118880407125,1.4445000000000001,60,0.26247660230688,1.416639274941429,1.416639274941429,0.6033167791713976,65,109,621,31,11
1,3931,3931,4.4116362,1.1225537404580153,1.4201000000000001,3,0.4062768188305582,0.5384622444880299,0.7110242854999733,0.6033167791713976,62,105,652,31,11.25
1,3931,3931,4.4373380000000004,1.1290936386768449,1.5087,7,0.7966527662090948,0.8414751806048975,1.2054655611098353,0.6033167791713976,54,99,650,31,10.5
1,3931,3931,4.3626431,1.110087302798982,1.4435,69,1.129086109601455,1.3639845386644232,1.7179818746508833,0.6033167791713976,72,115,695,29,11.18
1,3931,3931,4.3816983,1.1149359541984734,1.4915,55,0.9902706202084254,1.121239687598108,1.504709664364822,0.6033167791713976,55,103,675,29,10.250000000000002
1,3931,3931,4.4011283,1.1198799745547074,1.5182,1,1.0154700649230635,1.0154700649230635,1.5068578328249649,0.6033167791713976,63,109,666,31,10.5
1,3931,3931,4.4015329,1.1199829262086514,1.4491,89,0.768503416841077,1.129945905601339,1.469760731784908,0.6033167791713976,72,113,677,32,11.61
1,3931,3931,4.4524562,1.1329405089058526,1.472,285,0.31608886616395604,0.5868251177206701,0.5868251177206701,0.6033167791713976,69,110,641,32,11.040000000000003
1,3931,3931,4.5081406,1.1471095674300253,1.7130999999999998,48,0.3422644760927396,0.45225715857854415,1.0100790657464398,0.6033167791713976,61,102,642,30,10.75
1,3931,3931,5.8060893,1.4773764122137403,1.4857,779,1.009262625963908,1.537673214629121,1.537673214629121,0.6033167791713976,54,100,664,35,10.660000000000002
1,3931,3931,6.6539607,1.6931197709923662,1.8190000000000002,1,0.3432026197355934,0.3432026197355934,1.1241059261069077,0.6033167791713976,61,105,612,31,11
0,3274,3931,5.1841687,1.5839195539260618,1.9119
1,3931,3931,6.6212476,1.6847958269720102,2.6622999999999997,79,1.1885448669107754,1.3912592584963013,1.6879618693999985,0.6033167791713976,78,120,723,32,11.760000000000002
1,3931,3931,6.478103,1.6483722646310432,2.8055,5,1.0042865802872276,1.1947444944679018,1.5171009794573371,0.6033167791713976,65,109,677,34,11.61
1,3931,3931,6.3016657,1.6034772773536896,1.8005,859,1.0093392002775257,1.5292514693140289,1.5378190491106207,0.6033167791713976,51,97,671,32,10.75
1,3931,3931,6.2554438,1.5917159796437659,3.536,1,0.2400420937313891,0.2400420937313891,1.6572373028675922,0.6033167791713976,65,105,640,30,11.040000000000003
1,3931,3931,6.3707042,1.6210443256997453,2.8119,1,0.44866686213788237,0.44866686213788237,0.9933416021259686,0.6033167791713976,63,103,645,32,10.32
1,3931,3931,6.1845261,1.5736707633587785,2.6903,92,0.9566837956189191,1.052972564124413,1.716677476426152,0.6033167791713976,49,94,676,34,11
1,3931,3931,6.3998615,1.628463486005089,1.7763,651,0.9988415178928514,1.555683625165569,1.555683625165569,0.6033167791713976,57,104,697,37,11.760000000000002
1,3931,3931,6.5878827,1.6763060305343511,2.7857,12,0.34902403840748664,0.7007914456411158,0.7007914456411158,0.6033167791713976,66,114,656,32,10.560000000000002
1,3931,3931,6.6419585,1.690065776081425,2.8093,678,0.7929180648073969,1.0021600076950319,1.109710202981382,0.6033167791713976,53,95,632,33,10.250000000000002
1,3931,3931,6.4221791,1.6341422646310433,2.0353,183,0.567820113970003,0.713771023874201,1.31801511022209,0.6033167791713976,74,117,654,28,11.040000000000003
1,3931,3931,6.3381214,1.6127535368956742,2.0452,1,0.8319474780939602,0.8319474780939602,1.730596088172763,0.6033167791713976,59,103,679,30,11.18
1,3931,3931,6.8633798,1.7464070737913486,1.8286,706,0.369585766873517,0.855383996345295,0.855383996345295,0.6033167791713976,56,102,661,33,11.040000000000003
1,3931,3931,6.1805533,1.5726598727735368,2.0752,834,0.23922936873845319,0.7059020973089997,0.7130779023871732,0.6033167791713976,53,99,606,31,10.080000000000002
1,3931,3931,6.4405648,1.6388205597964376,2.8839,99,1.2906487360251426,1.6136277067272466,1.6136277067272466,0.6033167791713976,80,125,692,33,11.340000000000002
1,3931,3931,6.1734533,1.5708532569974556,1.7641,597,0.500998493712168,1.2710246894593125,1.3382311829220943,0.6033167791713976,73,114,670,33,11.75
1,3931,3931,6.2169791,1.5819285241730279,2.2219,33,0.875633137891827,1.4453982239619383,1.4453982239619383,0.6033167791713976,55,103,673,31,10.660000000000002
1,3931,3931,6.4343323,1.6372346819338421,2.9825,443,0.4165019537410226,1.2011427103588987,1.2011427103588987,0.6033167791713976,65,108,633,29,10.5
1,3931,3931,6.1538201,1.5658575318066157,2.6565,733,0.936237796795163,1.3240226386472354,1.5997779986185188,0.6033167791713976,71,113,672,28,11.18
1,3931,3931,6.2525641,1.5909832315521628,1.8624,45,0.5885916234853104,0.7678682145238973,0.8108772436752394,0.6033167791713976,68,113,673,31,11.040000000000003
1,3931,3931,6.5229671,1.6597880661577609,2.7739000000000003,600,0.8402657149147844,1.2337945516302566,1.2670257947304895,0.6033167791713976,71,117,684,35,11.960000000000003
1,3931,3931,6.2144114,1.581275165394402,1.8648,997,0.5247229247532782,0.8715785244963056,0.8715785244963056,0.6033167791713976,62,108,653,29,10.5
0,3820,3931,6.0800857,1.5920622414244565,1.8983999999999999
1,3931,3931,6.3663573,1.6199382442748091,2.8005,118,1.0276860935735403,1.5785383833140447,1.6057365805606676,0.6033167791713976,69,116,723,32,11.760000000000002
1,3931,3931,6.3683213,1.6204379898218828,3.1294999999999997,7,0.7761454821941636,0.8226534313023287,1.312297949999357,0.6033167791713976,56,101,650,30,10.5
1,3931,3931,6.3351912,1.6120079389312976,2.5363,992,1.3167704991560822,1.7245101755631493,1.7245101755631493,0.6033167791713976,69,113,676,35,10.8
1,3931,3931,6.1782274,1.572068040712468,1.7937999999999998,1,0.8229122738540848,0.8229122738540848,1.4261788726165445,0.6033167791713976,72,108,667,30,11.61
1,3931,3931,6.460359,1.643857251908397,1.8147,12,1.5118328675514967,1.5492168814069318,1.7830495787527298,0.6033167791713976,87,133,717,33,12.180000000000001
1,3931,3931,6.3499263,1.6157573282442748,2.6694,121,0.9133110987544961,1.3653874347486394,1.5347241139145746,0.6033167791713976,52,104,665,30,10.080000000000002
1,3931,3931,6.3829467,1.624159465648855,2.7891,3,1.3900560883204531,1.5539630122505916,1.7058202027452216,0.6033167791713976,71,113,707,35,12.3
1,3931,3931,6.0979813,1.551649185750636,3.225,2,0.5685459336649793,0.5744627398714667,1.0243086410611468,0.6033167791713976,64,106,661,34,10.080000000000002
1,3931,3931,6.362088,1.6188519083969466,1.8344,633,0.35695629439713894,1.3056099627941757,1.3056099627941757,0.6033167791713976,63,106,645,28,10.75
1,3931,3931,6.2820199,1.5984783460559797,2.7859,98,0.744928406458716,0.8266618967231193,1.3529112293599441,0.6033167791713976,52,92,649,32,10.5
1,3931,3931,6.2656583,1.5943150890585243,1.8010000000000002,13,0.569884217577592,0.6122123767713852,1.3906257314490487,0.6033167791713976,60,100,652,32,10.75
1,3931,3931,6.2995427,1.6029370737913486,2.0010000000000003,2,0.48051735144639046,0.5527446568856539,0.936582289038031,0.6033167791713976,69,108,658,31,11.500000000000002
1,3931,3931,6.4949794,1.652666513994911,1.8047,25,1.1786845912471193,1.602021306438186,1.602021306438186,0.6033167791713976,73,117,712,36,11.61
1,3931,3931,6.2769776,1.5971953180661578,2.7924,15,1.2716000372055332,1.274293817309728,1.593636319618747,0.6033167791713976,77,125,706,32,11.480000000000002
1,3931,3931,6.3881559,1.625484961832061,1.7993,251,0.6930004508860996,1.1019198650861168,1.108503325874532,0.6033167791713976,60,102,665,31,11.18
1,3931,3931,6.5795768,1.6741925699745546,2.7393,313,0.6049173954669903,1.032179608916084,1.0322844551013088,0.6033167791713976,61,107,641,31,10.560000000000002
1,3931,3931,6.3794413,1.623267506361323,1.9338,1,0.7475702650345931,0.7475702650345931,1.2766345143421312,0.6033167791713976,67,104,660,27,10.920000000000002
1,3931,3931,6.3739373,1.6218669974554707,2.141,1,0.7404545785228034,0.7404545785228034,1.180283756691376,0.6033167791713976,62,101,634,31,10.080000000000002
1,3931,3931,6.4548322,1.6424509414758268,2.8225,1,0.5872841699778654,0.5872841699778654,1.7307871783988062,0.6033167791713976,54,100,647,33,11.25
1,3931,3931,6.3666598,1.6200152162849872,2.8148,26,0.1635493703121514,0.1870542370404251,0.890532920961873,0.6033167791713976,56,95,627,32,10.75
1,3931,3931,6.3397356,1.6131642748091604,2.5177,617,1.0406863542380653,1.6400264774725704,1.7198634117111975,0.6033167791713976,68,112,687,33,12.040000000000001
1,3931,3931,6.4559873,1.6427448600508907,1.8,966,0.8755072709878765,1.3295452582823184,1.370791869481748,0.6033167791713976,50,99,651,31,9.840000000000003
1,3931,3931,6.6891311,1.702068982188295,2.6104000000000003,573,1.216658479253873,1.4359607477401044,1.5865312200487554,0.6033167791713976,69,114,696,36,12.040000000000001
1,3931,3931,6.1490126,1.5646342493638676,2.7939000000000003,540,0.9294613126950776,1.252189905638741,1.2818799102962626,0.6033167791713976,74,121,686,32,11.18
1,3931,3931,6.2157006,1.5816032061068703,1.8175999999999999,1,0.7826155921493407,0.7826155921493407,1.6799399410593554,0.6033167791713976,66,107,662,33,10.920000000000002
1,3931,3931,6.3661649,1.6198892875318067,2.8848,24,0.29917436165728967,0.5026301424928757,0.5723054880851772,0.6033167791713976,61,105,631,34,10.8
1,3931,3931,6.426567,1.6352587786259543,2.3118000000000003,4,0.5841916591185502,0.5877570590773323,1.1290866276272693,0.6033167791713976,65,108,667,34,11.18
1,3931,3931,6.2217742,1.583148651399491,2.5885000000000002,536,0.9145739939717955,1.0570398704076494,1.3220796648830717,0.6033167791713976,48,95,703,32,11.18
0,3820,3931,6.17737,1.6175360041895783,2.3403
0,3656,3931,5.8537879,1.601583556771546,1.9081000000000001
1,3931,3931,6.3903067,1.6260322391857507,2.8958999999999997,433,1.2070567560703118,1.51890074441596,1.6596464753316484,0.6033167791713976,62,101,699,32,11.760000000000002
1,3931,3931,6.424835,1.634818066157761,1.7673999999999999,189,0.37388245862049385,0.6722724567352385,0.6722724567352385,0.6033167791713976,64,105,648,33,11.280000000000003
1,3931,3931,6.3692072,1.6206634096692112,1.7894,751,0.3019995858261155,1.6537243784392022,1.6537243784392022,0.6033167791713976,69,110,641,30,10.8
1,3931,3931,6.8240896,1.7364095674300253,2.0985,542,0.7951927545531612,1.213816985086677,1.213816985086677,0.6033167791713976,68,115,661,30,10.75
1,3931,3931,6.7423089,1.7156002290076335,2.5259,798,0.828308755673783,1.923026348130062,1.923026348130062,0.6033167791713976,53,96,659,31,10.5
1,3931,3931,6.3640946,1.6193624936386768,2.1583,25,0.9997525790962963,1.1780938419029803,1.3954877817597469,0.6033167791713976,67,111,673,29,11.18
1,3931,3931,6.4385552,1.6383092111959288,1.8586,19,0.7260724308098994,0.7479760912561562,1.0648844283062093,0.6033167791713976,58,104,658,33,10.5
1,3931,3931,6.6070972,1.6811952162849872,2.7346,193,0.7024223161229876,0.9024654525089691,1.326143462742628,0.6033167791713976,53,98,640,33,10.5
1,3931,3931,6.4515299,1.641610661577608,2.265,1,0.7074258393491036,0.7074258393491036,1.0091790805809133,0.6033167791713976,71,109,670,33,11.340000000000002
1,3931,3931,6.5058447,1.6554312213740456,1.9929000000000001,736,0.5844105488272607,1.5823357942945528,1.5868693293784153,0.6033167791713976,70,116,667,32,11.280000000000003
1,3931,3931,6.2915534,1.6009041730279898,2.4742,1,0.4986974585634626,0.4986974585634626,1.165286002903078,0.6033167791713976,59,101,629,30,11
1,3931,3931,6.4944416,1.652529669211196,1.8056999999999999,44,0.9997826608484793,1.0703383168540608,1.3327302835195,0.6033167791713976,57,101,669,34,11.070000000000002
1,3931,3931,6.4812225,1.6491660305343514,2.0297,1,0.15825086907937885,0.15825086907937885,0.820005086736641,0.6033167791713976,69,116,625,31,11.500000000000002
1,3931,3931,6.3505119,1.6159063358778625,2.0722,513,0.7702432572303621,1.2896102522359034,1.3136579884913286,0.6033167791713976,62,105,652,33,10.5
1,3931,3931,6.072865,1.5452582697201018,1.7895,1,0.9638086990269542,0.9638086990269542,1.3913879772470512,0.6033167791713976,67,112,685,32,11.340000000000002
1,3931,3931,6.3149957,1.6068691348600508,2.7897999999999996,90,1.3667863930940085,1.5929174560366453,1.713343522347922,0.6033167791713976,78,128,696,30,11.480000000000002
1,3931,3931,6.4480369,1.6407218575063613,2.8845,123,0.47223490832267195,0.9855078765125997,1.024517955720991,0.6033167791713976,59,116,696,31,12.000000000000002
1,3931,3931,6.0827281,1.5477679643765903,1.9488999999999999,743,0.9800890613768206,1.3454864689560428,1.367758202296761,0.6033167791713976,63,105,703,33,11.18
1,3931,3931,6.439953,1.6386648854961834,1.7815,5,0.4008458255069889,0.40877736755025856,0.846227213758355,0.6033167791713976,60,108,651,33,10.8
1,3931,3931,6.334754,1.6118966921119593,1.8273,940,1.0231632095835965,1.8312967963929092,1.8312967963929092,0.6033167791713976,89,131,690,32,12.320000000000002
1,3931,3931,5.7552204,1.4644326717557252,1.7871,8,0.4508716693049383,1.2531944670246158,1.2582505618978663,0.6033167791713976,51,89,638,32,10.32
1,3931,3931,5.5544881,1.4133557506361325,1.8389,23,0.8728149305870205,1.613190489780932,1.613190489780932,0.6033167791713976,71,115,685,29,11.440000000000001
1,3931,3931,6.9908303,1.7788372264631043,2.6914000000000002,4,0.4350168734810031,0.5892087307853069,1.0643799745059521,0.6033167791713976,60,103,635,31,11
1,3931,3931,6.9131527,1.7590719338422394,2.7390000000000003,356,0.4661958248599652,0.7270622219291637,0.8336790023618037,0.6033167791713976,67,110,641,34,10.32
1,3931,3931,6.7259681,1.7114422646310432,2.2348,119,0.5355120605267311,0.7359460867003844,0.770364784249924,0.6033167791713976,65,108,650,30,11
1,3931,3931,6.8091024,1.7325960305343513,1.8117999999999999,2,0.7963519858799031,0.8043773283918952,1.2863101801872066,0.6033167791713976,51,102,671,33,10.920000000000002
1,3931,3931,6.7114578,1.707750076335878,2.6744,513,0.7573739656404608,1.3432440545347637,1.3432440545347637,0.6033167791713976,65,108,670,29,10.75
1,3931,3931,6.9396938,1.7658253944020357,2.7782,6,0.1474717675113952,0.18558215625527982,0.6447993894080957,0.6033167791713976,67,106,629,34,11.040000000000003
1,3931,3931,6.6714433,1.6975682697201018,2.9652,32,1.3029506748289656,1.746956724173781,1.7494512498091137,0.6033167791713976,69,112,691,31,11.760000000000002
1,3931,3931,6.386875,1.6251590330788803,2.9956,2,0.7722669098345756,1.1065222775565169,1.2091699966516818,0.6033167791713976,59,100,652,32,10.660000000000002
1,3931,3931,6.7105474,1.7075184223918576,1.8736,29,0.49067581215408085,0.6775746945048579,0.8888276312056476,0.6033167791713976,68,114,648,31,11.040000000000003
1,3931,3931,6.66429,1.6957480916030534,2.4006000000000003,516,0.22974461828870998,1.183010478452099,1.218627424107016,0.6033167791713976,70,115,635,29,11
1,3931,3931,6.897409,1.755065903307888,2.8015000000000003,1,0.8457943834478859,0.8457943834478859,1.3859345445006432,0.6033167791713976,60,104,674,32,10.75
1,3931,3931,6.6061389,1.6809513740458015,3.0894999999999997,286,1.0942754227022116,1.3144436975064462,1.6317192849892879,0.6033167791713976,77,121,708,32,12.040000000000001
0,3820,3931,6.6628152,1.744649175176748,2.6421
1,3931,3931,6.5554449,1.6680521374045802,2.2339,1,0.7257223468561107,0.7257223468561107,1.1782125576258626,0.6033167791713976,56,98,654,32,10.080000000000002
1,3931,3931,6.4300013,1.6361326463104326,2.8034000000000003,43,0.8410935457385444,1.3486970968884626,1.3709381378204255,0.6033167791713976,69,113,658,30,10.5
1,3931,3931,6.4730936,1.6470976081424937,2.7456,11,1.2150278693796799,1.2353030904859241,1.6519893562486367,0.6033167791713976,82,124,706,31,11.890000000000002
1,3931,3931,7.0369688,1.7905773027989824,2.6189999999999998,12,0.1069693823979875,0.8271170221474269,0.8271170221474269,0.6033167791713976,59,109,633,30,11.25
1,3931,3931,6.7561207,1.7191146819338423,2.5864,1,0.9181901755148113,0.9181901755148113,1.5722399100776503,0.6033167791713976,57,100,641,32,10.250000000000002
0,3820,3931,6.7358898,1.7637836606441477,2.4092
1,3931,3931,6.8458377,1.7419434351145038,1.8574,1,0.15819822759190189,0.15819822759190189,1.4620158217564299,0.6033167791713976,61,105,618,30,10.560000000000002
1,3931,3931,6.5615234000000004,1.6695988295165394,1.8325,347,0.3183466427078668,1.3778835125869207,1.3778835125869207,0.6033167791713976,58,99,634,34,11.040000000000003
1,3931,3931,6.22109,1.5829745547073792,3.0551,17,0.7867308657929477,1.1243918051687416,1.5974121299514101,0.6033167791713976,59,99,651,33,10.5
1,3931,3931,4.525345,1.1514872773536895,1.5426000000000002,75,0.11703015954945031,0.3136068682235836,0.3298808502307831,0.6033167791713976,60,106,646,31,11.040000000000003
1,3931,3931,4.4078238,1.1215836641221375,1.4868999999999999,1,0.8686071823704405,0.8686071823704405,1.5036577726852718,0.6033167791713976,58,100,686,32,11.18
0,3820,3931,3.5751029,0.9361358732652526,1.7427
1,3931,3931,4.5329234,1.153415623409669,1.5016999999999998,272,0.8613548252553372,1.4023091495105575,1.4428580869001508,0.6033167791713976,53,98,671,34,10.5
1,3931,3931,4.5466771999999995,1.1569153180661575,1.75,17,1.2010336591765598,1.3515404972077125,1.6184062839796862,0.6033167791713976,70,113,722,34,12.180000000000001
1,3931,3931,4.5419082,1.1557018320610686,1.5756,3,1.1504168216992956,1.2937365455744103,1.5565705227285591,0.6033167791713976,60,106,707,31,11.340000000000002
1,3931,3931,4.5141993,1.1486512213740456,1.4698,67,0.46719036701418815,1.662739271579782,1.662739271579782,0.6033167791713976,61,109,643,31,11.500000000000002
1,3931,3931,4.7193175,1.2008441475826972,1.4603000000000002,419,0.9350186657012515,1.3058224341313094,1.35649347900522,0.6033167791713976,71,110,676,31,12.040000000000001
1,3931,3931,4.4987872,1.1447295674300253,1.4822,4,0.3654741685795178,0.3691696645108619,0.9463312586800947,0.6033167791713976,53,100,616,34,10.560000000000002
1,3931,3931,4.5988162,1.1701822391857506,1.4790999999999999,1,1.0150950786602753,1.0150950786602753,1.4955100368495506,0.6033167791713976,59,108,688,33,10.75
1,3931,3931,4.5238538,1.1511078371501273,1.6046,884,0.5230190452916939,1.5893702550989992,1.5893702550989992,0.6033167791713976,57,99,640,33,10.080000000000002
1,3931,3931,4.4970077,1.1442767684478372,1.8419,48,0.23162016960662568,0.4038956949559842,0.5204220755686227,0.6033167791713976,61,109,634,31,10.8
1,3931,3931,4.5097585,1.1475212468193383,1.5556999999999999,302,0.4490163630438964,1.2858965970005507,1.2858965970005507,0.6033167791713976,54,96,640,30,10.660000000000002
1,3931,3931,4.4808894,1.1401754198473282,1.5707,651,1.290243190706927,1.771871182075729,1.771871182075729,0.6033167791713976,75,126,722,35,11.760000000000002
0,3818,3931,4.3699764,1.1448719937123395,1.5847
0,3820,3931,4.4537112,1.1661982717989001,1.4677
1,3931,3931,4.5516141,1.1581715267175572,1.4841,28,1.2258378990808225,1.226763421344841,1.5504538562950345,0.6033167791713976,61,108,723,33,11.480000000000002
1,3931,3931,4.5629965,1.1610678117048345,1.8676000000000001,129,0.28909641218614834,0.35965828928153515,0.8526380733841427,0.6033167791713976,63,107,637,31,10.32
1,3931,3931,4.4648095,1.136083842239186,1.4976,14,1.088033508772737,1.1085312442425486,1.6769265984087955,0.6033167791713976,72,116,714,32,11.760000000000002
1,3931,3931,4.5716781,1.1632768702290077,1.564,998,1.307643286701265,1.6682902570496871,1.6682902570496871,0.6033167791713976,77,120,723,34,11.760000000000002
0,3820,3931,4.4902339,1.1757616915422886,1.5903
1,3931,3931,4.6672857,1.1876045038167937,1.5424,1,0.6120962131034822,0.6120962131034822,1.1163022166196475,0.6033167791713976,75,120,674,33,11.75
1,3931,3931,4.6986170000000005,1.195576844783715,1.552,60,1.0431686549821375,1.0978683922695291,1.4163458577774495,0.6033167791713976,57,104,702,34,11.61
1,3931,3931,4.4091207,1.1219136641221372,1.653,1,0.9908989953409596,0.9908989953409596,1.3354192449597682,0.6033167791713976,70,110,687,32,11.760000000000002
1,3931,3931,4.5355538,1.1540849363867685,1.597,371,0.8143186940416619,1.393517344932775,1.4184200311875226,0.6033167791713976,65,112,671,30,11
1,3931,3931,4.556656,1.1594544529262087,1.5528,7,0.6608640630222249,0.6746945887398486,0.9603414997376453,0.6033167791713976,80,125,663,26,11.700000000000001
1,3931,3931,4.4823444,1.140545648854962,1.7516,206,0.4960615527824901,1.4080042637972718,1.4080042637972718,0.6033167791713976,62,107,632,25,10.32
1,3931,3931,4.6441582,1.1817196437659032,1.5151,327,0.4056673315216421,1.4134115945307815,1.4134115945307815,0.6033167791713976,51,97,628,32,10.5
1,3931,3931,3.8741165,0.9857802798982188,2.4102,2,0.7950497007601807,0.799204176277199,1.130982333876379,0.6033167791713976,57,101,662,33,11.18
1,3931,3931,4.3634933,1.1103036386768448,1.5175,313,0.9714316996375852,1.204293290891538,1.4089278908674718,0.6033167791713976,69,110,680,31,10.5
1,3931,3931,4.3472962,1.1061822391857505,1.526,1,0.9557865788038408,0.9557865788038408,1.4312243461138552,0.6033167791713976,74,116,670,32,10.5
1,3931,3931,4.3947436,1.118255368956743,1.4924000000000002,43,0.8800397045679424,1.3394624651699825,1.343057344297422,0.6033167791713976,63,106,681,34,10.5
1,3931,3931,4.4761345,1.1389655216284988,1.5271,2,0.2414833010911138,0.2671431071372445,1.3623830180977636,0.6033167791713976,57,95,631,32,10.5
1,3931,3931,4.3971036,1.1188558778625954,1.4944,15,1.2781977978936243,1.7495311074281261,1.7495311074281261,0.6033167791713976,59,106,689,30,10.920000000000002
1,3931,3931,4.4050244,1.120871348600509,1.8446,535,1.3660466328481842,1.4565034519009368,1.7109375804563878,0.6033167791713976,75,120,721,33,12.040000000000001
1,3931,3931,4.5499697,1.1577531043256999,1.4828000000000001,111,0.6851690446200528,1.287534952478682,1.287534952478682,0.6033167791713976,59,99,624,34,10.5
1,3931,3931,4.4065417,1.1212574300254452,1.5095,30,0.3701251078635292,0.5160096927650206,1.3609212046343464,0.6033167791713976,59,95,650,27,10.75
1,3931,3931,4.4647738,1.1360747582697202,1.7401,83,1.0178113159539335,1.335023112420248,1.5083390505656724,0.6033167791713976,63,108,665,33,10.75
1,3931,3931,4.5757091,1.1643025699745546,1.59,1,0.382456802153273,0.382456802153273,0.7611245199914761,0.6033167791713976,56,101,650,32,10.75
1,3931,3931,4.5006398,1.1452009669211196,1.5106,53,0.42952155810221726,0.5387415752024592,0.7692463846991067,0.6033167791713976,69,109,642,31,10.75
1,3931,3931,4.6835013,1.191730610687023,1.5024000000000002,13,0.9253481608461457,1.075271526926162,1.4181796334797585,0.6033167791713976,62,104,686,30,11.340000000000002
1,3931,3931,4.4347405,1.1284326972010177,1.4706000000000001,600,0.7510678577248088,1.2259116787440767,1.2597015609066198,0.6033167791713976,62,107,649,32,11
1,3931,3931,4.4424588,1.130396641221374,1.5722,40,0.9123895903732214,1.0545890351836906,1.3586688579448363,0.6033167791713976,62,103,647,30,10.560000000000002
1,3931,3931,4.5920717,1.1684660814249366,1.5070999999999999,258,0.45809338310155645,1.4550398356002308,1.4550398356002308,0.6033167791713976,66,113,638,33,10.75
1,3931,3931,4.5685019,1.1624686768447838,1.4469,705,0.8637692488923135,1.3820388418136935,1.3989020258567613,0.6033167791713976,68,113,702,33,12.47
1,3931,3931,4.5909406,1.1681782697201017,1.4696,77,0.44645827729351756,0.5729564426789449,0.6478264973303055,0.6033167791713976,65,111,626,32,11.25
1,3931,3931,4.3404419,1.1044381424936387,1.5006,249,1.0020765103355755,1.307518966733228,1.307518966733228,0.6033167791713976,75,118,699,29,11.18
1,3931,3931,4.6213837,1.1759246055979644,1.4499,49,0.5829736757803292,0.8451086270633433,1.172920856335158,0.6033167791713976,71,117,631,33,11.500000000000002
1,3931,3931,4.4981576,1.1445693638676844,1.5096,199,0.6383900137710877,1.0198842800657792,1.0242295875328737,0.6033167791713976,66,110,673,30,11
1,3931,3931,4.6080458,1.172530737913486,1.485,377,0.4468046149153644,0.8795544291131715,1.7910863143489424,0.6033167791713976,61,101,666,28,11
1,3931,3931,4.5516768,1.1581874809160306,1.5295,13,0.1323308911527964,0.2854904308788288,0.413393658423094,0.6033167791713976,58,107,647,30,11.280000000000003
1,3931,3931,4.6745093,1.1894425699745548,1.5625,215,0.9781271307388278,1.424629470766095,1.424629470766095,0.6033167791713976,61,106,657,33,10.5
1,3931,3931,4.552815,1.158477099236641,2.0677999999999996,815,0.9981506627807764,1.6450952494253122,1.6450952494253122,0.6033167791713976,68,108,666,28,10.5
1,3931,3931,6.0735688,1.5454373536895674,1.5462179382495533,35,0.3479735730867938,0.8795861929765465,0.9018101428718864,0.6033167791713976,63,110,621,32,10.5
1,3931,3931,6.4833576,1.649709312977099,1.8065,1,1.2310824056868803,1.2310824056868803,1.7439907270822224,0.6033167791713976,72,125,689,30,11.340000000000002
1,3931,3931,6.4238442,1.6345659541984732,1.7656,289,0.6555998418701959,1.3624142828366035,1.3624142828366035,0.6033167791713976,53,95,664,30,10.5
1,3931,3931,6.445021,1.6399544529262087,3.5078,7,0.5608212942643025,0.5971689323658818,1.3333939901025404,0.6033167791713976,65,107,635,29,11.18
1,3931,3931,6.5853382,1.6756585750636133,2.48,1,0.7178355923923038,0.7178355923923038,1.131738831963099,0.6033167791713976,59,99,683,33,11
1,3931,3931,6.3105167,1.6057294402035625,2.7096,23,0.5397013488159123,0.8107478923530654,0.8107478923530654,0.6033167791713976,65,115,644,28,11
1,3931,3931,6.5562851,1.6682659287531807,2.3621,3,1.0481073507528602,1.1057247315602206,1.2284694528927813,0.6033167791713976,58,97,657,29,10.250000000000002
1,3931,3931,6.8050762,1.73157155216285,1.9791,288,0.5181870326979835,1.2386791214685977,1.242999559622625,0.6033167791713976,68,103,670,31,11.960000000000003
1,3931,3931,6.3739753,1.6218766666666666,1.8148000000000002,55,1.1110337937008894,1.200227219649486,1.579508312168955,0.6033167791713976,76,118,695,32,12.040000000000001
1,3931,3931,6.3626729,1.6190007379134859,2.8800000000000003,219,1.1426689685749198,1.1713404566398509,1.5048475868082898,0.6033167791713976,68,120,705,31,12.600000000000001
1,3931,3931,6.2592942,1.5926957251908398,2.1494999999999997,127,1.214116906725881,1.3798676531837402,1.4902458234673495,0.6033167791713976,64,110,697,32,11.760000000000002
1,3931,3931,6.415309,1.632394147582697,1.8033000000000001,1,0.7750134525769324,0.7750134525769324,1.6282554018734758,0.6033167791713976,59,102,629,30,10.5
1,3931,3931,6.0979549,1.5516424681933845,2.0926,403,0.7922057438199446,1.1013124567445405,1.1013124567445405,0.6033167791713976,68,115,668,30,11.25
1,3931,3931,6.2865517,1.599631475826972,1.8164,978,0.8632775916802625,1.144421344156506,1.1941592812374404,0.6033167791713976,57,105,623,30,9.840000000000003
1,3931,3931,6.3744889,1.6220073536895676,1.9227999999999998,274,0.7776419415875055,0.9200534077362352,1.1951265904574375,0.6033167791713976,46,90,626,33,10.5
1,3931,3931,6.6983663,1.7044189058524173,3.0271,4,1.1250297769535993,1.1532621710123463,1.5652691351673267,0.6033167791713976,67,111,688,33,11.18
1,3931,3931,6.2797848,1.5979096183206105,2.1638,492,0.7872230578526994,0.9242894934558049,1.1852915143140426,0.6033167791713976,61,104,675,31,11.18
1,3931,3931,6.4419602000000005,1.6391756234096693,1.8316999999999999,525,0.28202550217021516,0.5947581333470197,0.7608145573619627,0.6033167791713976,58,103,623,31,10.5
1,3931,3931,6.4036302,1.6294224427480917,2.7657,25,0.43299190783512653,0.4360082192494892,1.015393302686937,0.6033167791713976,64,106,640,28,10.560000000000002
1,3931,3931,6.4155231,1.6324486259541984,1.7941,4,1.1101765398577648,1.1638774615388703,1.54650144361279,0.6033167791713976,85,130,711,31,12.47
1,3931,3931,4.7642142,1.212268244274809,1.8071000000000002,39,0.5037335453833324,0.7081483941489077,0.8515300897389921,0.6033167791713976,75,116,662,34,11.75
1,3931,3931,7.1726192,1.8250939440203562,1.8257335289614698,987,0.430208751248797,0.7175855241089046,0.7314819253059343,0.6033167791713976,57,103,649,32,11.040000000000003
1,3931,3931,7.2431854,1.843049720101781,2.6933000000000002,437,0.4335329809784391,0.80867959482175,1.0531524719421306,0.6033167791713976,69,114,641,34,11.520000000000003
1,3931,3931,6.6944469,1.703421603053435,2.7287000000000003,708,0.7148246630632272,1.3971063753169277,1.3971063753169277,0.6033167791713976,63,108,661,30,10.5
1,3931,3931,6.7952987,1.729083638676845,2.6627,152,0.3603356443500822,0.4496372816024308,0.8964025587668307,0.6033167791713976,65,107,630,33,11
0,3658,3931,5.9336034,1.6225330598851517,3.2539000000000002
1,3931,3931,6.7503236,1.717639592875318,1.83,85,0.9397562008433893,1.1024611838920928,1.3763720956565366,0.6033167791713976,78,129,706,29,13.440000000000003
1,3931,3931,6.6860458000000005,1.701283918575064,2.7958000000000003,794,0.4678787750968426,0.7082583386222535,0.8506133144251409,0.6033167791713976,68,109,659,30,10.75
1,3931,3931,7.0229679,1.7870147328244277,2.7006,13,1.274807751281099,1.321586819367975,1.811880780108023,0.6033167791713976,79,127,727,32,12.47
1,3931,3931,6.8934076,1.7540477353689565,1.8813,593,0.6624569913740401,1.068750059393284,1.0689602449350006,0.6033167791713976,69,114,670,30,11.040000000000003
1,3931,3931,6.7245621,1.711084503816794,2.5852000000000004,306,1.404482811546197,1.7098356515714737,1.7693429557667102,0.6033167791713976,71,118,720,33,11.480000000000002
1,3931,3931,6.8168512,1.7345677353689568,2.1712,1,1.2435297231871523,1.2435297231871523,1.5613393203177817,0.6033167791713976,68,112,671,30,10.660000000000002
1,3931,3931,6.6379563,1.6890474045801527,1.833,994,0.8192277891886066,1.0434366975609108,1.178080108970533,0.6033167791713976,60,105,623,35,10.080000000000002
1,3931,3931,6.7426409,1.7156847073791348,2.7667,909,0.7096544795097859,0.8926089234265554,0.9485274163759364,0.6033167791713976,53,102,686,34,11.75
1,3931,3931,6.8438815,1.7414456743002547,2.6009,5,0.26499613948632356,0.33278863135464304,0.8204624585637474,0.6033167791713976,55,99,615,31,11
1,3931,3931,5.6230654,1.4308054452926207,2.1332999999999998,498,0.4858867689171427,1.3734748324221489,1.3734748324221489,0.6033167791713976,63,107,631,29,11
0,3275,3931,3.6390456,1.1114983506414173,1.441
1,3931,3931,4.7018071,1.1963885750636132,1.4787,224,0.8986397416022732,0.9830908358182946,1.1457174712524059,0.6033167791713976,52,98,628,36,10.32
1,3931,3931,4.5254123,1.1515044020356233,1.9143000000000001,1,0.7867516525964157,0.7867516525964157,1.2853369359763445,0.6033167791713976,53,100,657,30,9.840000000000003
1,3931,3931,4.4089192,1.1218623918575061,1.4894,55,1.226118364547697,1.5573682876236312,1.5573682876236312,0.6033167791713976,62,109,708,33,11.760000000000002
1,3931,3931,3.5326701,0.8988982442748091,1.0157,3,0.8975936476965689,0.910383271945245,1.6056674164316578,0.6033167791713976,76,118,675,26,10.75
1,3931,3931,4.5470293,1.157004910941476,1.5324,2,0.44576043311943553,0.44683723577268525,1.6763323948785782,0.6033167791713976,52,97,638,31,10.32
1,3931,3931,4.5696704,1.1627660050890585,1.4894,288,1.1930393391880536,1.4381095362984404,1.5456092487692943,0.6033167791713976,72,117,700,32,12.040000000000001
1,3931,3931,4.6047423,1.1716901526717558,1.7162,1,1.2719810328335657,1.2719810328335657,1.8014311765320872,0.6033167791713976,69,115,713,36,11.760000000000002
1,3931,3931,4.5232836,1.150962748091603,5.5827,20,1.0584798352839035,1.483380763643431,1.483380763643431,0.6033167791713976,77,117,709,30,11.340000000000002
1,3931,3931,4.530731,1.1528577608142496,1.7012,6,0.5137106693354196,0.5464441880940568,1.5066396415447316,0.6033167791713976,70,107,673,28,11.340000000000002
1,3931,3931,4.659696,1.185673282442748,1.4927,150,0.48308985814814853,1.599568240479998,1.6002474428495572,0.6033167791713976,74,118,641,32,11.040000000000003
1,3931,3931,4.4054484,1.1209792366412215,1.8307,1,1.2845506570944047,1.2845506570944047,1.7508240610422476,0.6033167791713976,79,128,723,30,12.040000000000001
1,3931,3931,4.3770643,1.1137568193384224,1.4407999999999999,1,1.1800808456744405,1.1800808456744405,1.5305528071247125,0.6033167791713976,57,98,692,33,10.4
1,3931,3931,4.4024298,1.120211145038168,1.4283,14,0.42935388807441943,0.506099820459709,0.87444593128793,0.6033167791713976,62,100,640,28,10.75
1,3931,3931,4.4994323,1.1448937150127225,1.7265,596,0.6512055489555832,1.1453121783798332,1.1779192066269322,0.6033167791713976,76,117,673,31,11.280000000000003
1,3931,3931,4.4516909,1.1327457760814248,1.4685,1,1.0612500030395233,1.0612500030395233,1.5147572200661568,0.6033167791713976,66,114,692,32,11.61
0,3816,3931,4.2306598,1.1089540760157273,1.9586000000000001
1,3931,3931,4.6076593,1.1724323918575064,1.7776999999999998,587,0.518667554467055,0.8196934421181454,1.224499425936147,0.6033167791713976,65,110,683,33,11.520000000000003
1,3931,3931,4.5565061,1.1594163104325699,1.5785,5,1.367046201689311,1.373991238962438,1.6502023581769993,0.6033167791713976,70,116,711,34,11.760000000000002
1,3931,3931,4.5987967,1.1701772773536896,1.4983,284,0.7338476225905702,0.9787513437934496,1.0278254561658229,0.6033167791713976,72,117,672,33,11.75
1,3931,3931,4.5239616,1.1511352671755724,1.7503,298,1.3254415511854218,1.572305182084819,1.5752002349547087,0.6033167791713976,75,120,705,31,11.760000000000002
1,3931,3931,4.5485116,1.157382086513995,1.5356,320,0.9646979836466227,1.2935542878096655,1.3365171932705522,0.6033167791713976,51,90,666,33,10.5
1,3931,3931,4.5763391,1.1644628753180661,1.8269,317,0.8176306597070557,1.2210028849129704,1.2678986711653883,0.6033167791713976,67,117,671,33,12.960000000000003
1,3931,3931,4.5436851,1.156153969465649,1.487,381,0.8671678357389484,1.1421628703035847,1.2242881411867137,0.6033167791713976,59,104,652,27,10.080000000000002
1,3931,3931,4.5382321,1.1547664376590332,2.4493,1,1.0795453163052124,1.0795453163052124,1.3857146417832933,0.6033167791713976,74,116,676,29,10.5
1,3931,3931,4.4630248,1.1356297201017813,1.4774,1,1.2058665700498596,1.2058665700498596,1.7372502558360412,0.6033167791713976,64,112,695,33,11.760000000000002
1,3931,3931,4.5566473,1.1594522391857505,1.5224,967,1.268643831865616,1.7639389586132024,1.765338393763188,0.6033167791713976,70,109,692,32,11.340000000000002
1,3931,3931,4.4520301,1.132832086513995,1.4642,8,0.35067446087965926,0.3546245361081887,1.203894406806021,0.6033167791713976,66,107,626,33,11.25
1,3931,3931,4.5486821,1.1574254707379135,1.6995,1,1.0409118222927674,1.0409118222927674,1.4964263244184,0.6033167791713976,73,113,694,34,12.180000000000001
1,3931,3931,4.6566205,1.1848907124681933,1.7294999999999998,853,0.4804330778506123,1.0383188038236688,1.0513169020060962,0.6033167791713976,73,112,652,28,11
1,3931,3931,4.3177858,1.098673231552163,1.7843,299,0.7653888049256584,1.3095631878986067,1.4009626347033466,0.6033167791713976,63,111,660,29,10.5
0,3819,3931,3.9732657,1.0406667627029857,1.1058999999999999
1,3931,3931,4.4798454,1.1399097709923665,1.4883,287,0.6724228785257674,0.7517958707410474,1.1843747658046129,0.6033167791713976,63,106,654,30,10.5
0,3820,3931,4.4586998,1.1675045299816704,1.4516
1,3931,3931,4.5293675,1.1525108142493639,1.5141,1,0.7250426590878571,0.7250426590878571,1.0394568031986173,0.6033167791713976,53,99,658,29,10.920000000000002
1,3931,3931,4.4830011,1.140712748091603,1.5309,989,0.6027861873269258,1.7177996756184055,1.730291280821481,0.6033167791713976,71,115,651,31,11.500000000000002
1,3931,3931,4.5571634,1.159583562340967,1.5431,642,0.5646405766101743,1.5070521972104673,1.5070521972104673,0.6033167791713976,79,120,664,32,11.520000000000003
1,3931,3931,4.5792962,1.1652153180661577,1.5050000000000001,975,0.32140458908863406,1.419617746505938,1.419617746505938,0.6033167791713976,55,101,655,31,10.5
1,3931,3931,4.5062028,1.1466164885496184,1.5177999999999998,830,0.9555578180125995,1.2683333013977445,1.3027006786981163,0.6033167791713976,46,90,664,34,11.070000000000002
1,3931,3931,4.4441274,1.1308212213740458,1.6199000000000001,20,0.5530262908645538,0.6499281063541279,1.7986707561324908,0.6033167791713976,78,115,630,30,10.560000000000002
1,3931,3931,4.5840635,1.1664283715012722,1.5784,5,0.06872715192061496,0.5887854859938148,0.5888083772354655,0.6033167791713976,54,100,615,33,10.560000000000002
1,3931,3931,4.5505379,1.1578976844783715,1.522,4,1.1923662030889473,1.2395282359544961,1.6628795729419188,0.6033167791713976,76,119,687,35,11.61
1,3931,3931,4.5035812,1.1459494147582698,1.5150000000000001,613,0.8943807973313023,1.469037749597539,1.4959228338185067,0.6033167791713976,64,102,696,29,11.61
1,3931,3931,4.5271442,1.1519450890585243,1.5072,2,1.0599348565477458,1.2492152151779863,1.5259591714922465,0.6033167791713976,73,117,711,31,12.040000000000001
1,3931,3931,4.6714265,1.1886581424936387,3.8455999999999997,3,1.0303867661519648,1.2224566430887094,1.554225101671023,0.6033167791713976,77,120,700,31,12.760000000000003
1,3931,3931,4.5331563,1.1534748854961832,1.6693,13,0.8157284276547332,1.4554590183942988,1.4554590183942988,0.6033167791713976,55,98,650,30,10.5
1,3931,3931,4.5571535,1.1595810432569975,1.4868999999999999,591,0.7654393970931251,1.445143815712149,1.445143815712149,0.6033167791713976,62,106,670,30,10.75
1,3931,3931,4.4964888,1.1441447328244274,1.6824999999999999,13,0.8885466743153755,1.2300438844761514,1.3287499011069224,0.6033167791713976,57,104,689,31,10.75
1,3931,3931,4.5829473,1.1661443511450382,1.5726,45,0.9583328617451025,1.428824837351494,1.430374898245149,0.6033167791713976,65,109,697,32,11.61
1,3931,3931,4.5549619,1.1590233842239186,1.6009,995,1.1424998823657253,1.4014601409471554,1.5347021652306252,0.6033167791713976,70,124,728,31,11.760000000000002
0,3656,3931,4.1446932,1.1339789876880983,1.4990999999999999
1,3931,3931,4.6111802,1.1733282951653943,1.5084,8,0.43739151103938395,0.48651066018999484,1.5113621410283309,0.6033167791713976,61,107,616,29,10.32
0,3275,3931,3.760338,1.1485455100794135,1.5007
1,3931,3931,6.0924044,1.5502301272264631,1.5502301272264631,1,0.5699654726112572,0.5699654726112572,0.9528641334120534,0.6033167791713976,54,102,655,31,10.8
1,3931,3931,6.3855533,1.6248227226463103,2.7735,47,0.788124314549871,1.293561772284795,1.293561772284795,0.6033167791713976,60,104,661,32,10.5
1,3931,3931,6.574282,1.6728452926208652,2.9532,415,0.5021326999356921,1.3032915269890117,1.3032915269890117,0.6033167791713976,68,116,664,30,11
0,3656,3931,6.1289451,1.6768659644322845,2.7667
1,3931,3931,6.335637,1.6121213740458016,2.2777000000000003,36,1.195053306409345,1.4253652388587155,1.57276801020735,0.6033167791713976,63,106,655,31,10.5
1,3931,3931,6.2582716,1.5924355216284987,1.9024,1,0.9797517129222758,0.9797517129222758,1.3814469087507488,0.6033167791713976,59,105,688,29,11.070000000000002
1,3931,3931,6.379349,1.6232440203562342,2.3389,20,1.2148921998453954,1.4864392091237104,1.5288663906916276,0.6033167791713976,72,118,704,33,11.760000000000002
1,3931,3931,6.3385252,1.6128562849872774,2.7213,53,0.9453649528645844,1.1344043330407707,1.3956480814372503,0.6033167791713976,75,121,692,30,12.600000000000001
1,3931,3931,6.7781018,1.7247078371501272,2.7744000000000004,1,1.3734334232980239,1.3734334232980239,1.678700810036986,0.6033167791713976,76,122,743,33,12.180000000000001
1,3931,3931,6.5550629,1.6679549363867685,3.0202,146,1.1843940557371597,1.4349073003265285,1.611826305132239,0.6033167791713976,69,116,713,31,11.61
1,3931,3931,6.4615572,1.64416213740458,1.7848,45,1.2079228194775853,1.48184382060574,1.6200838598139529,0.6033167791713976,74,118,706,35,12.47
1,3931,3931,7.2152231,1.835934631043257,2.8429,559,0.8132783396489595,1.1427417877604595,1.1903838746376902,0.6033167791713976,73,118,682,31,12.960000000000003
1,3931,3931,6.6723093,1.6977886259541985,3.2807,707,0.8682851116155856,1.1962682922401906,1.2684100051360572,0.6033167791713976,59,99,659,33,10.250000000000002
1,3931,3931,6.4732958,1.647149058524173,1.858,776,1.3995992929657053,1.6216542818842146,1.6216542818842146,0.6033167791713976,81,127,731,32,12.180000000000001
1,3931,3931,6.2758402,1.5969059033078883,2.7811,1,0.879951492931242,0.879951492931242,1.487472928329659,0.6033167791713976,55,100,676,31,11.61
1,3931,3931,6.5228241,1.659751679389313,1.8287805194805196,111,0.4970494112634522,0.6164369443543868,0.9248405647746337,0.6033167791713976,56,102,647,30,10.920000000000002
1,3931,3931,6.1432844,1.5631766921119592,2.9187000000000003,142,0.7320011231142395,0.8139182871852422,1.1384607093523749,0.6033167791713976,57,104,656,29,10.5
1,3931,3931,6.4921878,1.6519561832061067,2.7332,589,1.1589201775956883,1.386146148525251,1.4857998354187185,0.6033167791713976,76,122,686,32,11.760000000000002
1,3931,3931,6.4659921,1.645290610687023,1.8856000000000002,98,0.9416475147515003,0.9932348140720892,1.3597070706229615,0.6033167791713976,62,118,694,31,11.61
1,3931,3931,6.6573875000000005,1.6939917302798984,2.9908,32,0.6380511819126978,0.9196833585899693,0.9196833585899693,0.6033167791713976,70,111,669,33,11.25
0,3275,3931,5.1577691,1.5753723579719,2.4396
0,3812,3931,6.5545611,1.7199058252427184,1.8604901639344265
1,3931,3931,6.7583919,1.7196925954198474,2.2798,850,0.48459388304804485,0.6965906654125974,0.9180512671218409,0.6033167791713976,61,104,660,35,11.340000000000002
1,3931,3931,6.5303307,1.661661755725191,1.9319000000000002,210,0.5387917079927131,1.1001698006850011,1.1087654932610962,0.6033167791713976,52,99,668,30,11.18
1,3931,3931,6.5191856999999995,1.6588258778625953,2.3287,2,1.3429737660885792,1.344216420788147,1.8127102207658006,0.6033167791713976,67,116,717,31,12.180000000000001
0,3820,3931,6.3058388,1.651175386226761,2.7134
1,3931,3931,6.2827095,1.598653816793893,2.9166000000000003,353,0.8674754270819439,1.678593209866674,1.678593209866674,0.6033167791713976,57,106,703,33,11.18
1,3931,3931,6.4391372,1.6384573027989822,2.921,10,1.1384542656819983,1.4462503048847537,1.5141068989773803,0.6033167791713976,67,111,696,32,11.340000000000002
1,3931,3931,6.5220586,1.6595568956743003,1.7984,60,1.3126268273125306,1.389730469566306,1.6323368654197878,0.6033167791713976,65,109,701,31,11.340000000000002
1,3931,3931,6.4870202,1.650641272264631,1.7606,2,0.3647193080074322,0.36510166049552084,1.5473852415319476,0.6033167791713976,63,107,612,31,10.32
1,3931,3931,6.6680242,1.6966982697201018,2.7666,993,0.4255597113984923,0.8753735638084085,0.8753735638084085,0.6033167791713976,60,104,632,33,10.080000000000002
1,3931,3931,6.5834602,1.6751807124681934,2.7902,7,1.3524375851537576,1.4439616940079207,1.7521230551616767,0.6033167791713976,73,119,712,32,11.890000000000002
1,3931,3931,6.5686933,1.6714232315521629,1.8407,957,0.7245727615143266,1.7276972139720201,1.7276972139720201,0.6033167791713976,61,104,649,30,10.75
1,3931,3931,6.4542623,1.6423059287531807,1.7806,983,0.7860985079457015,0.9173175713137605,1.1846901709956903,0.6033167791713976,63,104,631,33,10.5
1,3931,3931,6.4728531,1.6470364122137404,1.8194000000000001,853,0.35551555340056257,1.3145753202463055,1.3530309799379745,0.6033167791713976,71,108,659,29,11.500000000000002
1,3931,3931,6.5704389,1.6718674045801527,3.0131,4,0.8384969221521288,0.8869168320629698,1.6671305077820473,0.6033167791713976,51,101,666,31,10.5
1,3931,3931,6.5193541,1.658868727735369,2.9854,971,0.5152659543245783,0.778380226140271,0.8833319256905366,0.6033167791713976,71,118,645,32,10.75
1,3931,3931,6.5459363,1.6656326463104327,2.6781,59,0.42361210465387555,1.1218972965405005,1.1230362063951842,0.6033167791713976,71,110,635,28,10.5
1,3931,3931,6.7488302000000004,1.717259592875318,2.2658,4,0.9120910871999802,1.1654000912662072,1.2493656779956328,0.6033167791713976,54,99,656,35,10.250000000000002
1,3931,3931,6.5184057,1.6586274045801526,1.8232000000000002,239,0.9119777685422019,1.5555745913654546,1.6194547162498945,0.6033167791713976,73,111,683,33,11.18
1,3931,3931,6.6297372,1.6869560305343512,1.8595000000000002,30,0.7044729793248088,0.9126028590511789,1.0875247034085376,0.6033167791713976,67,107,639,32,10.080000000000002
1,3931,3931,6.2475855,1.5897164122137402,1.8272,743,0.9663156583676059,1.1692809403392415,1.2376277489414038,0.6033167791713976,58,101,671,31,10.080000000000002
1,3931,3931,6.3357811,1.6121580407124683,2.8903000000000003,1,0.3814666174927677,0.3814666174927677,0.9815076746996738,0.6033167791713976,59,106,661,31,11.500000000000002
1,3931,3931,6.5001032,1.6539702798982188,2.873,13,0.9188418851248323,1.059527995588019,1.3538034466372166,0.6033167791713976,57,103,646,32,10.660000000000002
0,3820,3931,6.2748999,1.6430740769835037,1.7933000000000001
1,3931,3931,6.6474173,1.6914547837150127,1.8276,170,1.3555850147137911,1.4690725875704087,1.678494919410003,0.6033167791713976,78,128,716,32,11.340000000000002
1,3931,3931,6.6729666,1.6979558778625954,1.7773,6,0.2074989715342439,0.39271233658039273,0.5305345525727967,0.6033167791713976,60,105,622,33,10.8
1,3931,3931,6.544124,1.6651715012722645,1.8573000000000002,3,0.7488574683270461,0.7834681752918143,1.3441242027596492,0.6033167791713976,56,96,666,30,10.920000000000002
1,3931,3931,6.6473959,1.6914493384223919,2.7866,980,0.8525058610301096,1.2333463492296646,1.2333463492296646,0.6033167791713976,59,104,685,31,10.920000000000002
1,3931,3931,6.4777818,1.648290534351145,2.0545,1,1.0437684251718842,1.0437684251718842,1.6088084961793263,0.6033167791713976,72,116,700,31,12.040000000000001
1,3931,3931,6.5813627,1.6746469974554707,2.2115,896,0.559515622894361,1.6612760477256365,1.6612760477256365,0.6033167791713976,55,100,636,31,10.250000000000002
1,3931,3931,6.5100317,1.6564966157760812,2.1048999999999998,6,1.181670264335283,1.1867110737617734,1.747704398791306,0.6033167791713976,79,134,707,32,12.180000000000001
1,3931,3931,6.5958873,1.678342824427481,2.8240000000000003,4,0.5361635501924795,0.6711273227273601,1.1819762430336793,0.6033167791713976,72,114,657,27,10.8
1,3931,3931,6.4850043,1.650128320610687,2.7363999999999997,142,1.0654732723199791,1.6330861949274231,1.6330861949274231,0.6033167791713976,71,115,715,31,12.15
1,3931,3931,6.2854042,1.5993394910941476,2.8532,8,0.4044799329336267,0.5465791880136205,0.6697000716885176,0.6033167791713976,62,104,652,32,10.75
1,3931,3931,6.1090616,1.554468600508906,1.5555174993460634,1,1.212088912034191,1.212088912034191,1.8102399847721364,0.6033167791713976,68,117,688,33,12.180000000000001
1,3931,3931,4.9355415,1.2558629770992367,1.8856000000000002,800,0.21739561845094388,1.129577630041944,1.1458613014287038,0.6033167791713976,53,105,627,29,11.25
1,3931,3931,4.6216183,1.175984300254453,1.5185000000000002,914,0.18889963095501947,0.48753260756365646,0.48753260756365646,0.6033167791713976,57,104,633,31,11.040000000000003
1,3931,3931,4.6139482,1.1740326208651402,1.704,859,0.6764863660878138,1.1748231445270467,1.2354884628942293,0.6033167791713976,72,119,636,28,11
0,3820,3931,4.4251346,1.1587155276250325,1.6507
0,3342,3931,3.1155874,0.9325313977850942,1.0749
1,3931,3931,4.5891615,1.167725572519084,1.5095,563,0.2945387409335538,0.7882059838525035,0.7891840932549775,0.6033167791713976,57,102,644,31,10.8
1,3931,3931,4.5897561,1.1678768702290074,1.6434,889,1.0376771377283383,1.5120108264433543,1.5120108264433543,0.6033167791713976,67,113,665,30,10.32
1,3931,3931,4.639411,1.1805117048346057,1.502,131,0.6092207233435549,1.0371636006177074,1.0436766178602848,0.6033167791713976,70,113,665,31,11.500000000000002
1,3931,3931,4.489658,1.1424066157760815,1.5369,1,1.1174378098793512,1.1174378098793512,1.4749827748377127,0.6033167791713976,70,108,683,30,11.070000000000002
1,3931,3931,4.5788253,1.1650954961832063,1.5542,6,0.9743470537694982,0.9944754633062751,1.2565813536119412,0.6033167791713976,78,121,692,33,12.25
1,3931,3931,4.5638382,1.1612819847328244,2.1266000000000003,114,0.9166996264213445,1.1844162054121294,1.2743970056942155,0.6033167791713976,75,116,685,33,11.18
1,3931,3931,4.6228955,1.1763092875318069,1.4828000000000001,1,0.9128859705551517,0.9128859705551517,1.2073548094737472,0.6033167791713976,70,114,686,33,11.18
1,3931,3931,4.5930039,1.1687032824427483,1.8580999999999999,104,0.5311693569113117,0.7521765118161603,0.7843843545137719,0.6033167791713976,72,111,652,27,11.040000000000003
1,3931,3931,4.6583039,1.185319058524173,1.6192,953,0.5183784790195815,0.7984446739944726,0.7984446739944726,0.6033167791713976,61,99,684,34,11.500000000000002
1,3931,3931,4.5316154,1.1530827989821881,1.7971000000000001,1,0.3713981036184684,0.3713981036184684,1.564674053648272,0.6033167791713976,62,103,651,31,10.920000000000002
1,3931,3931,4.6079219,1.172499211195929,1.4568,999,0.5810232690994708,0.9849632542770358,0.9903965543241839,0.6033167791713976,74,118,668,33,11.520000000000003
1,3931,3931,4.634648,1.1792997455470737,1.5352000000000001,228,1.2004680466299347,1.6660183294997606,1.666270829433241,0.6033167791713976,61,108,699,34,11.070000000000002
1,3931,3931,4.5928295,1.1686589058524173,1.5395999999999999,3,0.636015057946229,0.6483841930257375,1.1864571171366922,0.6033167791713976,61,104,623,28,10.080000000000002
1,3931,3931,4.53886,1.1549262086513994,1.9928,9,0.7796262771667795,0.8329280138680182,1.1479704013412055,0.6033167791713976,54,99,663,29,10.080000000000002
1,3931,3931,4.6033911,1.1713463358778626,1.5449000000000002,1,0.626141283860446,0.626141283860446,1.478617405012977,0.6033167791713976,61,107,643,30,10.75
1,3931,3931,4.5450729,1.1565070992366413,1.4813,5,0.7250324011646719,1.1606469260541785,1.1606469260541785,0.6033167791713976,66,111,662,29,10.75
1,3931,3931,4.6864942,1.1924921628498728,1.4873,38,0.4448509136125127,0.6559328787484584,0.6559328787484584,0.6033167791713976,68,113,625,29,10.8
1,3931,3931,4.7361052,1.2051158269720101,1.6023,17,1.3454480952169523,1.4594143202856555,1.751118995171647,0.6033167791713976,75,120,689,33,11.600000000000001
1,3931,3931,4.5447556,1.1564263613231553,1.571,134,1.083404024664397,1.323087996597842,1.3816611076949583,0.6033167791713976,75,115,694,31,11.340000000000002
1,3931,3931,4.5544764,1.1588998473282444,1.4691999999999998,917,0.8379985835508643,1.141866121076389,1.1937224626066372,0.6033167791713976,64,111,660,28,10.5
1,3931,3931,4.7074287,1.197819007633588,1.4602,300,0.45714620520007565,0.6698439500484775,1.0387879648648062,0.6033167791713976,64,111,641,35,10.8
1,3931,3931,4.6693381,1.1881267430025446,2.2231,956,0.19305981691794083,1.8106025148918767,1.8106025148918767,0.6033167791713976,61,111,647,32,11.040000000000003
1,3931,3931,4.6447656,1.1818741984732826,1.4845,1,0.5580418962583312,0.5580418962583312,0.8358737842258617,0.6033167791713976,59,101,648,34,11.25
1,3931,3931,4.7042851,1.1970191094147582,1.5324,2,0.8065029258208392,0.8215981926015236,1.449008237987097,0.6033167791713976,67,110,674,31,11.340000000000002
1,3931,3931,4.6097246,1.1729579134860049,1.8329,1,0.4441945912917707,0.4441945912917707,0.8088666750210906,0.6033167791713976,66,108,650,30,10.8
1,3931,3931,3.8483784,0.979231145038168,1.4928000000000001,388,0.47499821481310933,1.4364812089693382,1.4383365298944037,0.6033167791713976,76,116,649,29,11.440000000000001
1,3931,3931,4.3619339,1.109906844783715,3.0695,3,0.41653852396456237,0.45996887776399287,0.8512479624723257,0.6033167791713976,62,105,644,31,10.5
1,3931,3931,4.6885276000000005,1.1930095674300256,1.5923999999999998,787,0.7785953710615285,1.3995527967518888,1.4358215781480632,0.6033167791713976,58,109,661,28,10.32
1,3931,3931,4.7172284,1.2003125699745547,1.4836999999999998,4,0.685524472322772,0.7184663813612734,1.1735656374709884,0.6033167791713976,58,107,659,33,10.8
1,3931,3931,4.5315976,1.1530782697201016,1.9432,857,0.8915781418789548,1.3054964205860025,1.333616846059252,0.6033167791713976,59,103,662,31,10.920000000000002
1,3931,3931,4.7739068,1.2147345547073791,1.618,1,0.4381531912692793,0.4381531912692793,1.0439117344894784,0.6033167791713976,57,100,645,32,10.920000000000002
1,3931,3931,4.5707695,1.1630456743002546,1.6371,13,0.8260754421389617,0.9613492123776652,1.3172413068465947,0.6033167791713976,63,109,660,28,10.75
1,3931,3931,4.5699932,1.1628481424936385,1.4828000000000001,4,1.1840718624798772,1.1951846290522634,1.4568520940352394,0.6033167791713976,64,103,705,30,11.61
1,3931,3931,4.5604285,1.1604143765903308,1.5193999999999999,91,0.6688404646600368,0.7902425229753778,0.9976133878713628,0.6033167791713976,65,107,659,31,10.920000000000002
1,3931,3931,4.4889709,1.1422317811704836,1.7689,2,0.892207557432456,0.9001553699846346,1.2390291619619698,0.6033167791713976,54,97,664,31,9.840000000000003
1,3931,3931,4.4961433,1.1440568193384224,1.709,1,0.41496201478997763,0.41496201478997763,0.8127214645584101,0.6033167791713976,68,108,636,29,11
1,3931,3931,4.6596548,1.1856627989821884,1.5406,1,0.8828746604494065,0.8828746604494065,1.5039825237567606,0.6033167791713976,67,112,725,33,13.05
1,3931,3931,4.6790178000000004,1.1905897709923665,1.5074999999999998,25,0.25440690257582205,0.3678883465799589,0.8117583568373393,0.6033167791713976,56,99,625,33,11
1,3931,3931,4.4867153,1.1416578371501271,1.49,4,0.8391744020223931,1.196244911091351,1.2230641537846552,0.6033167791713976,65,107,693,29,11.61
1,3931,3931,4.5867896,1.1671220356234098,1.5334999999999999,63,0.5142019222215776,0.5541278613296583,1.1602746327230657,0.6033167791713976,70,114,637,27,11.25
1,3931,3931,4.6561369,1.1847676590330787,1.5279,962,0.7590683087666223,1.1775115785683536,1.1775115785683536,0.6033167791713976,55,103,670,31,10.250000000000002
1,3931,3931,4.7393872,1.205950941475827,1.5074999999999998,1,0.3379282953142254,0.3379282953142254,0.5630737898618163,0.6033167791713976,57,98,616,31,10.560000000000002
1,3931,3931,4.5607631,1.1604995165394403,2.0614000000000003,6,0.3761180019898232,0.4678377178088972,1.441869512227759,0.6033167791713976,64,103,644,30,10.8
1,3931,3931,4.539951,1.1552038167938932,1.4907,114,0.23132270137593183,0.5753762890985247,0.7049555053667315,0.6033167791713976,63,108,623,30,10.8
1,3931,3931,4.6039244,1.17148203562341,1.5582,70,0.4077162898558436,1.5280696427142875,1.5510186774941412,0.6033167791713976,68,108,643,31,11.040000000000003
1,3931,3931,4.6911835,1.193685368956743,1.6023999999999998,1,0.35664800519401885,0.35664800519401885,1.6109668255999714,0.6033167791713976,58,108,639,30,10.560000000000002
1,3931,3931,4.5065954999999995,1.1467164122137403,1.4739,113,0.3298421815249796,0.44018744342649274,1.5939235988501934,0.6033167791713976,68,110,625,30,11
1,3931,3931,4.5705838,1.1629984223918575,1.5292999999999999,18,1.1608860996408474,1.2099760294620887,1.67405893976278,0.6033167791713976,66,107,683,31,11.18
1,3931,3931,6.3484834,1.6153901781170483,1.6554,929,0.6120006494171114,1.2550863915301518,1.2644290041712523,0.6033167791713976,58,101,647,32,11
1,3931,3931,6.726711,1.7116312977099237,3.1676,659,1.052002463025641,1.162298689786891,1.3774831232459848,0.6033167791713976,70,117,692,29,12.040000000000001
1,3931,3931,6.7987751,1.7299682188295167,3.1178999999999997,988,0.45410416693839367,1.115325982053474,1.1435760659481353,0.6033167791713976,62,107,648,29,10.5
1,3931,3931,6.7024217,1.705450814249364,1.8857,3,1.0715668443658672,1.1064562514233973,1.6651022592228764,0.6033167791713976,60,105,704,31,11.760000000000002
1,3931,3931,6.3965721,1.6276264885496183,1.8886,774,0.40293110617902844,0.9152188277590861,0.9512760805125011,0.6033167791713976,55,100,638,31,10.5
1,3931,3931,6.3156056,1.6070243256997454,1.8195999999999999,881,0.9645351417866775,1.3829566790322232,1.3829566790322232,0.6033167791713976,65,110,687,33,10.920000000000002
1,3931,3931,6.5564705,1.6683131043256996,3.1672,2,1.3770899060292796,1.4441964868961252,1.672381097674082,0.6033167791713976,72,119,699,35,11.200000000000001
1,3931,3931,6.5153846,1.6578586768447838,2.7913,2,0.7111971945780807,1.020903667491148,1.0424309543432873,0.6033167791713976,52,95,671,32,11.500000000000002
1,3931,3931,6.6749495,1.6984604325699748,1.8969,541,1.0144167840702374,1.3455686114168968,1.4076430690174548,0.6033167791713976,52,101,662,31,10.080000000000002
1,3931,3931,6.7350533,1.713754020356234,2.8262,13,0.8957192643447001,0.9495301918532739,1.7812453824969894,0.6033167791713976,51,96,642,31,10.5
1,3931,3931,6.5832667,1.675131475826972,2.195,51,0.9084868668453068,1.0637516213763976,1.2304916059041995,0.6033167791713976,64,108,672,30,10.920000000000002
1,3931,3931,6.4257425,1.6350489821882952,1.7943,717,1.123504261009489,1.4272609459936736,1.5018069365828044,0.6033167791713976,74,120,714,34,12.040000000000001
1,3931,3931,6.3782332,1.6229601017811706,1.8642,570,1.0594754626642306,1.208496735454585,1.3183153233203992,0.6033167791713976,76,117,714,33,12.600000000000001
1,3931,3931,7.1851108,1.8282724681933844,1.8780999999999999,242,0.3245358155538417,0.6859732509693818,0.852374023832295,0.6033167791713976,55,89,622,29,9.840000000000003
1,3931,3931,6.7540745,1.718594020356234,1.8963,12,0.8764520204553043,0.92063628543818,1.2137562120868977,0.6033167791713976,60,102,656,33,10.5
1,3931,3931,6.4154023,1.6324178880407125,2.1933,6,0.6930995852339007,0.7126086111489993,1.0497347520011535,0.6033167791713976,70,111,671,31,10.75
1,3931,3931,6.6992125,1.704634223918575,2.5412,12,0.9312070653369517,1.3234125965050159,1.4009606750177654,0.6033167791713976,60,100,658,34,10.560000000000002
1,3931,3931,6.565406,1.670586768447837,1.9189,1,0.9418036543420829,0.9418036543420829,1.317038767845088,0.6033167791713976,64,106,674,29,11
1,3931,3931,6.6732626,1.6980311959287533,5.2916,664,1.2444942245940265,1.730818589682217,1.763611280034773,0.6033167791713976,58,110,730,32,11.480000000000002
1,3931,3931,6.9922118,1.7791887531806616,3.6435,4,0.530624156440116,0.6028122284053121,1.1452016874829114,0.6033167791713976,52,100,640,31,10.5
1,3931,3931,6.5942074999999996,1.6779153944020355,2.5021,66,0.3740600882738533,0.4618161450130921,0.9359978625946732,0.6033167791713976,60,102,652,32,10.75
1,3931,3931,6.641023,1.6898277353689566,2.4301,17,0.5770067362570771,1.0172369365382359,1.0172369365382359,0.6033167791713976,63,108,657,34,11.040000000000003
1,3931,3931,6.4347084,1.6373303816793892,2.0524,8,0.5381992265447878,0.7268699008757854,0.8038865171575751,0.6033167791713976,61,109,657,30,11.25
1,3931,3931,6.4914001,1.6517557506361322,1.8442,1,1.0326383887932407,1.0326383887932407,1.5300478435064622,0.6033167791713976,65,114,686,32,11.340000000000002
1,3931,3931,6.6866717,1.7014431806615775,1.9203,511,0.5361084610477785,1.0758166072724273,1.0974538382922607,0.6033167791713976,68,112,659,33,11.040000000000003
0,3820,3931,6.3690043,1.667715187221786,1.8255000000000001
1,3931,3931,6.3978733,1.6279575826972008,2.6785,9,1.0101470210379204,1.2789492058227458,1.3669004920680117,0.6033167791713976,50,91,648,32,10.080000000000002
1,3931,3931,6.4448913,1.6399214503816795,3.009,568,1.282963629742429,1.696548012352357,1.696548012352357,0.6033167791713976,68,114,709,30,11.070000000000002
1,3931,3931,6.632105,1.6875585241730282,1.8639999999999999,1,0.7871976139453896,0.7871976139453896,1.2318951429291032,0.6033167791713976,64,106,667,30,10.5
1,3931,3931,6.8928663,1.7539099999999999,1.8032000000000001,5,0.4376229541201465,0.4580464818518318,1.4070151588599864,0.6033167791713976,70,110,650,30,10.560000000000002
1,3931,3931,6.5630722,1.6699929262086513,1.9932,996,1.0448567882630424,1.4664666372795958,1.471979992686568,0.6033167791713976,69,116,668,29,11
1,3931,3931,6.5028308,1.6546643256997455,3.0538000000000003,5,0.4095918648731264,0.4116179167057799,0.869326679079501,0.6033167791713976,58,104,636,32,11.25
1,3931,3931,6.8065919,1.7319572264631045,2.0309999999999997,13,0.3409509868800794,0.3818786718968101,0.7792682637621053,0.6033167791713976,60,106,608,28,10.560000000000002
1,3931,3931,6.4278104,1.6355751653944022,2.2501,1,0.8432053022842535,0.8432053022842535,1.5673041983804414,0.6033167791713976,59,108,694,32,11.61
1,3931,3931,7.4816969,1.9037396692111959,3.5071999999999997,426,0.5245231608227343,1.6811383638597068,1.7064857125096142,0.6033167791713976,72,113,646,30,11.500000000000002
1,3931,3931,7.0080244,1.7832123155216286,3.0233,12,1.2471775641750371,1.326676423936811,1.7587628553178534,0.6033167791713976,91,134,743,33,14.210000000000003
1,3931,3931,7.0010449,1.7814363613231552,1.967,96,0.5821072456501001,0.6158837483573847,1.0731815047601967,0.6033167791713976,51,93,628,29,9.840000000000003
1,3931,3931,7.2000202,1.8320662086513995,2.4522,24,0.46992414081499423,0.8039597260497863,1.1001429439726464,0.6033167791713976,48,95,654,31,10.75
0,3267,3931,5.7313165,1.7548427740355175,2.9135
1,3931,3931,7.0985317,1.8062421628498726,3.0165,12,0.8113435777490261,1.1005933390772507,1.3989141569776722,0.6033167791713976,65,113,677,29,11.61
1,3931,3931,6.1495843,1.564779720101781,1.879331174089069,1,0.9574230350913825,0.9574230350913825,1.3825118006590447,0.6033167791713976,53,96,659,31,10.5
1,3931,3931,4.6998353999999996,1.1958868702290075,1.5264,1,0.7161943647560012,0.7161943647560012,1.6036034367076863,0.6033167791713976,58,104,615,34,10.560000000000002
,,,,,,,,,,,,,,,
464,,,,,,,,,,,,,,,
0.9019315959830374,450,,,,,,,,,,,,,,
0.9475419685818738,473,,,,,,,,,,,,,,
