num_particles,robot_radius_m,square_size_m,selection_strategy,weight_strategy,clear_x_y_noise,clear_theta_noise,collide_x_y_noise,collide_theta_noise,,,,,,,
1000,0.2032,0.1,RankProportion,BoundingBoxArea,0.0007,0.0002°,0.032,0.6200°,,,,,,,
,,,,,,,,,,,,,,,
succeeds,num_iterations,transcript_length,duration,mean_iteration_time,max_iteration_time,closest_particle_rank,closest_particle_to_actual,best_particle_to_actual,farthest_particle_to_actual,odometry_to_actual,open_frontier,all_frontier,all_space,num_obstacles,map_area
1,4878,4878,2.338322,0.479459094,0.9436,684,1.591455064,1.690685886,1.798989648,1.800451425,53,90,805,27,12.18
1,4878,4878,2.350319,0.481919008,0.9466,903,1.245014281,1.329004966,1.918198087,1.800451425,48,89,830,29,12.18
1,4878,4878,2.3055453,0.472738425,0.884,945,1.02795441,1.237436169,1.481628317,1.800451425,48,100,843,28,12.71
1,4878,4878,2.3739306,0.486760426,0.8217,191,1.603603718,1.725216284,1.917013259,1.800451425,49,87,798,27,11.89
1,4878,4878,2.7001519,0.553650174,1.0254,175,1.597673361,1.631896317,1.85273133,1.800451425,43,89,823,27,11.89
0,4403,4878,2.1274652,0.483295139,0.8172,,,,,,,,,,
0,4412,4878,2.0856176,0.472821945,0.8494,,,,,,,,,,
0,4658,4878,2.2057384,0.473639339,0.8498,,,,,,,,,,
1,4878,4878,2.380997,0.48820935,0.9007,380,1.624429172,1.75576613,1.922900515,1.800451425,47,88,799,29,11.76
1,4878,4878,2.3407728,0.479961616,0.8706,282,1.285674216,1.491092909,1.65789672,1.800451425,42,85,814,28,12.6
0,4310,4878,1.9780061,0.459040636,0.8434,,,,,,,,,,
1,4878,4878,2.3238237,0.476486303,0.8304,121,1.644539554,1.750463897,1.984140617,1.800451425,41,89,810,27,11.89
1,4878,4878,2.3379711,0.479387144,0.9526,282,1.552889881,1.650999297,1.833227709,1.800451425,53,92,812,28,11.48
1,4878,4878,2.3390904,0.47961665,0.813,161,1.587594097,1.766648565,1.899363809,1.800451425,44,87,803,27,11.48
1,4878,4878,2.3080412,0.473250195,0.8808,996,1.204644961,1.293399992,1.515362284,1.800451425,50,91,836,30,13.33
1,4878,4878,2.3072264,0.473083125,0.8463,961,1.15242423,1.374241303,1.527024276,1.800451425,44,88,830,29,13.02
1,4878,4878,2.3049147,0.472609124,0.8383,859,1.151560554,1.366225221,1.588038459,1.800451425,45,93,830,29,12.6
1,4878,4878,2.3353705,0.478853906,0.8691,462,1.167853094,1.270408589,1.57068932,1.800451425,47,89,819,29,12.47
1,4878,4878,2.36574,0.485080992,0.8482,269,1.6762344,1.759330322,1.930135272,1.800451425,45,87,798,28,11.48
1,4878,4878,2.3211348,0.47593496,1.0478,523,1.189101835,1.382383481,1.54064668,1.800451425,48,96,833,28,13.02
1,4878,4878,2.3727286,0.486513964,0.8273,573,1.31602396,1.454899839,1.543090183,1.800451425,45,90,835,29,12.18
1,4878,4878,2.3940901,0.490894013,0.8208,181,1.654577364,1.799080177,1.928983226,1.800451425,48,86,796,28,11.48
1,4878,4878,2.3929491,0.490660057,0.8587,111,1.543686542,1.67717595,1.859354554,1.800451425,39,81,799,30,11.89
1,4878,4878,2.3355848,0.478897847,1.1669,998,1.210659684,1.440294355,1.546069916,1.800451425,52,95,846,28,12.9
1,4878,4878,2.3549258,0.482863605,0.8287,832,1.25263056,1.554869863,1.744668009,1.800451425,53,95,840,30,12.9
1,4878,4878,2.3163563,0.474955157,0.8489,924,1.041139218,1.275530769,1.413097568,1.800451425,57,99,825,29,12.71
1,4878,4878,2.4020071,0.492517347,0.9149,992,1.202967062,1.745600622,1.820084477,1.800451425,53,96,844,29,12.6
1,4878,4878,2.34373,0.480567972,0.8626,239,1.194333804,1.480341869,1.614031573,1.800451425,43,91,822,29,12.71
1,4878,4878,2.3376592,0.47932319,0.8373,191,1.131721031,1.283984942,1.477271652,1.800451425,55,99,821,30,12.6
1,4878,4878,2.3929813,0.49066666,0.8794,658,1.15945876,1.322362609,1.492203605,1.800451425,58,101,843,27,13.02
1,4878,4878,2.3487783,0.481603096,1.1788,99,1.638304175,1.802590596,1.92278921,1.800451425,58,92,800,26,11.76
0,4411,4878,2.0711128,0.469640091,0.8423,,,,,,,,,,
1,4878,4878,2.358218,0.483538651,0.8382,95,1.697671167,1.780833534,1.996636059,1.800451425,42,86,795,28,11.89
0,4666,4878,2.2540063,0.483173912,0.8433,,,,,,,,,,
1,4878,4878,2.3787928,0.487757392,0.8378,869,1.162953554,1.273255678,1.486448563,1.800451425,53,98,847,28,13.02
0,4050,4878,1.8795538,0.464201976,0.843,,,,,,,,,,
0,4050,4878,1.8171458,0.448788787,0.8443,,,,,,,,,,
0,4668,4878,2.2276736,0.477324534,0.9136,,,,,,,,,,
0,4411,4878,2.0659123,0.468460839,1.1846,,,,,,,,,,
1,4878,4878,2.3837092,0.488765471,0.8546,323,1.201274103,1.357581631,1.535724607,1.800451425,51,95,830,29,12.6
0,4410,4878,2.0406476,0.462836834,0.9277,,,,,,,,,,
1,4878,4878,2.3700955,0.485974062,0.8342,704,1.57059342,1.724993677,1.814722802,1.800451425,52,93,795,29,12.18
1,4878,4878,2.3419127,0.480195345,0.8379,998,1.22833949,1.84328044,1.892106504,1.800451425,50,93,852,28,13.02
1,4878,4878,2.3642727,0.484780131,0.8947,372,1.567107883,1.715224476,1.824257516,1.800451425,55,94,800,27,11.48
0,4667,4878,2.2506227,0.482345199,0.9191,,,,,,,,,,
1,4878,4878,2.41694,0.49557925,0.8207,801,1.185960471,1.5987442,1.724718738,1.800451425,49,95,851,27,12.6
1,4878,4878,2.3942458,0.490925938,0.8715,236,1.637429055,1.759269873,1.961014857,1.800451425,36,84,788,28,11.48
1,4878,4878,2.4000634,0.492118803,0.8814,543,1.700062468,1.73284856,1.921550381,1.800451425,47,87,809,27,12.6
1,4878,4878,2.3506597,0.481988866,0.8442,994,1.188275238,1.552191237,1.652872374,1.800451425,55,97,817,28,13.02
1,4878,4878,2.3519715,0.482257843,0.9022,977,1.039254303,1.222193393,1.390094927,1.800451425,43,89,842,28,13.02
1,4878,4878,2.3538548,0.482644002,0.9236,130,1.507017118,1.66094864,1.839569646,1.800451425,45,88,805,26,11.48
1,4878,4878,2.3567049,0.483228399,0.8377,989,1.216804613,1.741109311,1.936473445,1.800451425,55,102,830,28,12.6
1,4878,4878,2.3594065,0.483782346,0.8705,869,1.007722531,1.617490447,1.654675849,1.800451425,60,104,839,29,12.6
1,4878,4878,2.3445481,0.480735719,0.9079,124,1.713857637,1.77807601,2.002334906,1.800451425,42,85,804,26,11.89
1,4878,4878,2.4462695,0.50159309,0.8677,20,1.688094149,1.754408858,1.982995571,1.800451425,41,87,808,27,11.48
1,4878,4878,2.3857771,0.489189481,0.9595,998,1.112888315,1.377234149,1.465523473,1.800451425,50,97,845,29,12.9
0,4410,4878,2.0771729,0.471121093,0.8329,,,,,,,,,,
1,4878,4878,2.3473791,0.481316198,0.8434,973,1.13484542,1.459839439,1.644057375,1.800451425,57,97,810,30,12.71
1,4878,4878,2.3448853,0.48080486,0.833,944,1.168110526,1.447600782,1.578241887,1.800451425,48,94,805,30,12.3
0,4680,4878,2.2048295,0.471218102,0.8428,,,,,,,,,,
1,4878,4878,2.3607462,0.484057043,0.874,30,1.116002374,1.287131894,1.486485527,1.800451425,47,91,819,30,12.3
1,4878,4878,2.4470763,0.50175852,0.8329,252,1.662453134,1.706395112,1.920328189,1.800451425,40,86,819,29,12.18
1,4878,4878,2.4118471,0.494534981,0.8363,999,1.166710225,1.701636935,1.832722894,1.800451425,54,96,838,29,12.6
1,4878,4878,2.3941396,0.490904162,0.8645,506,1.462312788,1.675605417,1.777016615,1.800451425,48,92,803,27,11.48
1,4878,4878,2.3610812,0.484125733,0.844,980,1.283603205,1.482672399,1.72421277,1.800451425,41,85,819,29,12.6
1,4878,4878,2.3253948,0.476808448,0.9132,498,1.247183669,1.360744625,1.597402983,1.800451425,50,94,830,28,12.6
0,4663,4878,2.2209979,0.476404526,0.8687,,,,,,,,,,
0,4661,4878,2.2558364,0.484085064,0.858,,,,,,,,,,
1,4878,4878,2.3721322,0.486391675,0.7824,8,1.679649408,1.851631672,1.966532327,1.800451425,40,85,804,28,11.76
0,4410,4878,2.0756543,0.470776661,0.8528,,,,,,,,,,
1,4878,4878,2.3594865,0.483798749,0.8407,160,1.60694065,1.765608097,1.892765685,1.800451425,46,90,797,28,11.48
0,4667,4878,2.2379278,0.479624475,0.9487,,,,,,,,,,
1,4878,4878,2.3099735,0.473646401,0.82,779,1.159014515,1.278878059,1.50189368,1.800451425,43,88,818,27,12.3
1,4878,4878,2.3540907,0.482692372,0.9071,161,1.137955473,1.168428563,1.494656844,1.800451425,46,93,850,28,12.6
0,4410,4878,2.1001439,0.476331118,0.8598,,,,,,,,,,
1,4878,4878,2.366863,0.485311257,0.8513,824,1.088139405,1.645999691,1.825575239,1.800451425,51,94,837,29,12.6
1,4878,4878,2.3227152,0.476259012,0.8855,780,1.235795958,1.417099241,1.564313792,1.800451425,42,87,828,29,12.6
1,4878,4878,2.3468559,0.481208919,1.4258,10,1.112472088,1.264638555,1.478306795,1.800451425,48,95,841,30,12.6
0,4412,4878,2.0666173,0.468514464,0.8489,,,,,,,,,,
1,4878,4878,2.4114294,0.494449334,0.8365,325,1.59579422,1.750988134,1.883448771,1.800451425,48,85,803,29,11.48
1,4878,4878,2.3493271,0.481715624,0.8569,898,1.212948355,1.377242013,1.566181931,1.800451425,46,93,839,28,12.6
1,4878,4878,2.3702055,0.485996617,0.8784,999,1.329644449,1.873780104,2.011692831,1.800451425,54,96,843,28,13.02
1,4878,4878,2.330257,0.477805413,0.839,551,1.164673847,1.341760882,1.555152024,1.800451425,43,90,823,30,12.3
1,4878,4878,2.3508253,0.482022821,1.0071,564,1.667825364,1.890282367,1.977376853,1.800451425,46,87,801,28,11.48
1,4878,4878,2.42162,0.496538856,0.858,294,1.649699176,1.794862704,1.947198516,1.800451425,46,88,801,27,11.76
1,4878,4878,2.2849936,0.468524421,0.8581,790,1.061467872,1.283976957,1.387231858,1.800451425,50,97,853,26,13.02
1,4878,4878,2.4195778,0.496120115,0.83,984,1.245487413,1.5097557,1.640341477,1.800451425,40,86,823,30,12.6
1,4878,4878,2.3491383,0.481676912,0.8834,218,1.648938168,1.765165149,1.896734532,1.800451425,44,90,822,27,12.6
1,4878,4878,2.3518189,0.482226553,0.8394,999,1.261722253,1.676187576,1.839479728,1.800451425,48,89,847,29,13.44
1,4878,4878,2.3435255,0.480526041,0.8469,580,1.352841333,1.536185596,1.722902319,1.800451425,47,90,836,27,12.3
1,4878,4878,2.3200569,0.475713943,0.9079,6,1.13572467,1.339519634,1.525290766,1.800451425,43,89,828,29,12.71
0,4412,4878,2.081455,0.471878259,0.9577,,,,,,,,,,
1,4878,4878,2.3886334,0.489775149,0.8491,831,1.110853979,1.348315298,1.489299703,1.800451425,52,97,836,29,12.6
1,4878,4878,2.4355413,0.499393336,0.8212,24,1.697328086,1.776283472,1.954899779,1.800451425,44,86,806,30,12.18
1,4878,4878,2.3628773,0.484494013,0.8684,985,1.119358407,1.536442245,1.630275704,1.800451425,57,99,817,27,13.02
0,4411,4878,2.0865114,0.473131837,0.9779,,,,,,,,,,
1,4878,4878,2.3982808,0.491753291,0.8434,983,1.075484835,1.259111275,1.476905394,1.800451425,47,90,838,29,13.02
1,4878,4878,2.4011411,0.492339779,0.8811,174,1.663531622,1.881139664,2.024816063,1.800451425,41,85,795,29,11.89
1,4878,4878,2.3172588,0.475140209,0.8432,975,1.093654157,1.369778112,1.438529649,1.800451425,51,95,840,29,13.02
1,4878,4878,2.347657,0.48137318,0.8964,696,1.07600361,1.337884653,1.482153888,1.800451425,50,95,845,29,13.02
1,4878,4878,2.320678,0.475841296,0.8451,341,1.164115288,1.232972191,1.525188137,1.800451425,54,98,825,27,12.6
1,4878,4878,2.3577898,0.483450851,0.8365,999,1.270314883,1.756309169,1.923891824,1.800451425,44,88,839,30,12.71
1,4878,4878,2.3845783,0.488943674,0.8639,952,1.643656084,1.752859932,1.928906229,1.800451425,42,85,813,27,11.89
1,4878,4878,2.3056591,0.472761759,0.8797,23,1.164352514,1.255781962,1.486088796,1.800451425,43,93,852,27,12.6
1,4878,4878,2.3950289,0.491086508,0.8749,468,1.633263019,1.755759929,1.89056413,1.800451425,48,87,805,27,12.18
1,4878,4878,2.4013765,0.492388046,0.9084,880,1.650046518,1.804667986,1.964899557,1.800451425,43,83,795,28,12
1,4878,4878,2.3741454,0.48680447,0.8368,997,1.296189019,1.738192764,1.952618226,1.800451425,55,95,842,29,12.6
1,4878,4878,2.3411949,0.480048165,0.8507,380,1.559182491,1.658252999,1.817163737,1.800451425,51,90,800,28,11.76
0,4656,4878,2.1721458,0.46662638,0.8932,,,,,,,,,,
1,4878,4878,2.301904,0.471991798,0.8335,425,1.549686455,1.686605268,1.890223406,1.800451425,45,88,817,27,11.89
1,4878,4878,2.3809596,0.488201681,0.8521,187,1.703394212,1.830758068,2.009384423,1.800451425,49,91,806,28,11.48
1,4878,4878,2.3196877,0.475638241,0.8428,612,1.127926501,1.248628914,1.424272187,1.800451425,43,87,833,28,12.71
0,4050,4878,1.8466371,0.456072388,0.8678,,,,,,,,,,
1,4878,4878,2.4060415,0.493344577,0.8706,759,1.111118886,1.179349215,1.504388364,1.800451425,41,86,814,30,12.3
1,4878,4878,2.4054346,0.493220135,0.8482,34,1.668575198,1.781029923,1.947355626,1.800451425,46,86,806,27,12.18
1,4878,4878,2.3593947,0.483779926,0.8559,917,1.144542301,1.359475652,1.976244092,1.800451425,47,89,825,29,12.18
1,4878,4878,2.3750766,0.486995407,0.8485,570,1.55060151,1.705334914,1.833224966,1.800451425,44,84,813,29,11.89
1,4878,4878,2.320059,0.475714374,0.8796,496,1.176812197,1.404242451,1.470396551,1.800451425,44,89,845,28,12.6
0,4411,4878,2.0396322,0.462501633,0.9193,,,,,,,,,,
0,4050,4878,1.8190447,0.449257767,0.8623,,,,,,,,,,
1,4878,4878,2.3815161,0.488315788,0.882,408,1.58765284,1.764109751,1.858916098,1.800451425,40,85,812,27,11.76
1,4878,4878,2.3221979,0.476152942,2.0481,907,1.000902886,1.211954878,1.437568708,1.800451425,56,96,828,30,13.02
1,4878,4878,2.374037,0.486782243,1.1307,438,1.554305689,1.660109079,1.822834416,1.800451425,45,85,812,30,11.89
1,4878,4878,2.4207525,0.49636098,0.8569,70,1.696133272,1.7947788,1.997723159,1.800451425,35,82,804,28,11.76
1,4878,4878,2.4063936,0.493416773,0.8571,414,1.627394216,1.715685758,1.912871997,1.800451425,46,86,808,26,11.48
1,4878,4878,2.446112,0.501560796,0.8386,44,1.575022822,1.606855698,1.740850701,1.800451425,40,82,791,30,11.48
1,4878,4878,2.3994062,0.491984048,0.9267,385,1.408048887,1.560853085,1.685294234,1.800451425,45,89,801,26,11.48
1,4878,4878,2.39613,0.491312282,0.912,137,1.672281568,1.780930602,1.953361376,1.800451425,45,85,797,26,11.2
1,4878,4878,2.3399892,0.479800943,0.9004,778,1.248766171,1.409001142,1.600358996,1.800451425,47,91,828,28,12.6
1,4878,4878,2.3724112,0.486448883,0.8131,949,1.518182392,1.72419508,1.944342851,1.800451425,38,82,793,29,11.89
1,4878,4878,2.4761252,0.507714825,0.8684,122,1.634138573,1.735616029,1.938541628,1.800451425,40,84,814,28,11.89
0,4419,4878,2.1583136,0.488527297,0.8472,,,,,,,,,,
1,4878,4878,2.3688123,0.485710949,0.8325,537,1.60669159,1.842791937,1.947498173,1.800451425,49,88,803,29,11.48
1,4878,4878,2.4049967,0.493130347,2.067,996,1.074966053,1.319329491,1.553931694,1.800451425,48,93,822,30,13.02
1,4878,4878,2.3664491,0.485226389,0.913,927,1.553038723,1.672487973,1.840599773,1.800451425,50,92,804,27,12.18
0,4411,4878,2.0758764,0.470720272,0.8589,,,,,,,,,,
0,4411,4878,2.0541211,0.465787098,0.8319,,,,,,,,,,
1,4878,4878,2.3520913,0.482282407,0.8562,977,1.145940025,1.40324125,1.477992799,1.800451425,48,92,840,28,13.02
1,4878,4878,2.4123973,0.494647796,0.8922,961,1.116364132,1.364313175,1.47495532,1.800451425,60,102,832,28,12.71
0,4409,4878,2.0402576,0.462853358,0.8347,,,,,,,,,,
0,4666,4878,2.2769212,0.488086002,0.9023,,,,,,,,,,
1,4878,4878,2.482749,0.509072996,0.8571,88,1.245709614,1.751004053,1.959021719,1.800451425,43,87,836,28,12.18
0,4145,4878,1.9567836,0.472196815,0.8382,,,,,,,,,,
1,4878,4878,2.3989872,0.491898134,0.8866,593,1.599518321,1.770290733,1.892486961,1.800451425,40,85,813,30,12.18
1,4878,4878,2.3879652,0.489638138,0.8829,3,1.646060348,1.794910292,1.90061255,1.800451425,48,88,816,28,11.48
1,4878,4878,2.3584998,0.483596432,0.8464,802,1.086835504,1.290093238,1.510531244,1.800451425,48,89,832,30,12.3
1,4878,4878,2.3688503,0.485718741,0.9947,700,1.138135713,1.245800932,1.461010265,1.800451425,60,104,851,30,12.6
1,4878,4878,2.3923157,0.490530182,0.9254,280,1.1663478,1.543217707,1.655990203,1.800451425,56,98,831,29,12.6
0,4050,4878,1.8085703,0.446670857,0.8565,,,,,,,,,,
1,4878,4878,2.3425251,0.480320914,0.8846,29,1.670019686,1.770077058,1.951772046,1.800451425,42,87,796,27,11.89
1,4878,4878,2.3713662,0.486234611,0.8272,373,1.595123955,1.781546721,1.90056169,1.800451425,44,85,799,27,11.48
1,4878,4878,2.3991798,0.491937626,0.8547,725,1.47981768,1.577530402,1.721599584,1.800451425,45,81,804,30,11.48
1,4878,4878,2.3324735,0.478259893,0.8426,996,1.161770179,1.409588972,1.490967002,1.800451425,54,95,841,28,13.02
1,4878,4878,2.4225797,0.496735637,1.7037,58,1.572808827,1.704966864,1.899472527,1.800451425,44,88,799,29,12.18
1,4878,4878,2.3795971,0.487922309,0.8349,8,1.713232279,1.781488464,1.933628577,1.800451425,44,89,811,27,12.18
1,4878,4878,2.4475895,0.501863748,0.8938,799,1.214129225,1.422414028,1.600272915,1.800451425,46,89,825,30,12.6
0,4310,4878,1.9995879,0.464049176,0.8549,,,,,,,,,,
1,4878,4878,2.3505509,0.481966557,0.8857,252,1.14232554,1.33012738,1.478623181,1.800451425,45,89,826,31,12.71
1,4878,4878,2.3347966,0.478736231,0.9206,42,1.637171083,1.784409796,1.923131693,1.800451425,48,86,781,28,11.48
0,4050,4878,1.8651704,0.460649642,0.8473,,,,,,,,,,
0,4050,4878,1.8194684,0.44936241,0.8373,,,,,,,,,,
1,4878,4878,2.4031943,0.492760775,2.0531,77,1.618518057,1.753563337,1.916394173,1.800451425,41,85,800,29,11.89
1,4878,4878,2.3321605,0.478195715,0.8689,867,1.097179428,1.50286913,1.672490336,1.800451425,52,97,833,27,12.6
1,4878,4878,2.3712597,0.486212774,0.8241,325,1.523539597,1.697078102,1.832367395,1.800451425,48,89,800,27,11.48
1,4878,4878,2.3569657,0.483281874,0.8568,958,1.052356116,1.197175835,1.468269925,1.800451425,46,93,841,29,12.71
0,4407,4878,2.0807164,0.472246119,0.844,,,,,,,,,,
0,4410,4878,2.0448936,0.463799864,0.9282,,,,,,,,,,
1,4878,4878,2.3905997,0.490178327,0.8844,544,1.622656456,1.825773318,1.931789166,1.800451425,43,88,805,29,11.89
1,4878,4878,2.3869885,0.489437872,1.3318,347,1.558349382,1.628853132,1.83814398,1.800451425,62,97,801,26,12.47
1,4878,4878,2.3321094,0.478185237,0.8377,962,1.318453157,1.628122523,1.791118445,1.800451425,42,87,840,28,12.71
1,4878,4878,2.3462553,0.48108577,0.827,570,1.195047921,1.383186026,1.486183911,1.800451425,41,89,819,29,13.02
1,4878,4878,2.3537209,0.482616547,1.0584,102,1.658491396,1.826199177,1.948440745,1.800451425,45,86,795,28,11.76
1,4878,4878,2.3219274,0.476097478,0.918,996,1.259748822,1.444829802,1.575381018,1.800451425,50,94,820,29,13.02
1,4878,4878,2.3282711,0.477398216,1.0248,487,1.086604174,1.237334449,1.433669705,1.800451425,45,89,833,30,13.02
1,4878,4878,2.3470663,0.481252061,1.0613,166,1.656661474,1.747476803,1.919178917,1.800451425,42,85,806,27,11.89
1,4878,4878,2.3527068,0.482408612,1.0445,815,1.156010689,1.359984253,1.502541128,1.800451425,41,89,823,28,12.71
1,4878,4878,2.3522595,0.482316896,0.9193,307,1.134969926,1.414811835,1.538255498,1.800451425,55,100,826,27,12.71
1,4878,4878,2.2934366,0.470255608,0.8407,998,1.267189358,1.405592102,1.587702296,1.800451425,47,91,825,27,13.33
1,4878,4878,2.3560956,0.483103465,0.8499,135,1.68610686,1.805312424,1.953481738,1.800451425,43,87,804,29,11.76
1,4878,4878,2.3593272,0.483766086,0.8611,236,1.539067719,1.767383213,1.851886641,1.800451425,45,89,816,27,11.48
0,4651,4878,2.1945163,0.471938989,0.9612,,,,,,,,,,
1,4878,4878,2.3481689,0.481478142,0.8573,996,1.297293268,1.684794632,1.924040753,1.800451425,48,93,850,29,12.71
1,4878,4878,2.307244,0.473086734,0.8544,63,1.15076523,1.343701972,1.502045042,1.800451425,48,94,846,29,12.71
1,4878,4878,2.3477917,0.4814008,0.9108,4,1.64713049,1.726830785,1.879888324,1.800451425,47,86,797,27,11.48
1,4878,4878,2.3076133,0.473162456,0.8441,992,1.375578263,1.408161756,1.825480899,1.800451425,49,96,846,29,12.9
1,4878,4878,2.3577693,0.483446648,0.9751,36,1.645254079,1.67737578,1.882710818,1.800451425,49,91,805,28,11.76
1,4878,4878,2.4050663,0.493144618,0.9028,17,1.807241446,1.905994483,2.066311513,1.800451425,44,87,820,27,12.18
1,4878,4878,2.3411767,0.480044433,0.9817,404,1.070592176,1.293338374,1.413876064,1.800451425,49,97,833,28,12.3
0,4664,4878,2.2007858,0.471967789,0.8496,,,,,,,,,,
1,4878,4878,2.3458697,0.481006705,0.8782,991,1.21681768,1.356036916,1.539888062,1.800451425,45,91,826,30,12.71
0,4405,4878,2.0550379,0.466629859,0.8389,,,,,,,,,,
1,4878,4878,2.3291547,0.477579393,0.8767,673,1.603580062,1.793711253,1.909280518,1.800451425,51,86,809,27,11.48
1,4878,4878,2.2902323,0.469598585,0.8641,234,1.085735495,1.279028961,1.443836608,1.800451425,54,100,840,29,12.71
0,4143,4878,1.886813,0.455531869,1.2216,,,,,,,,,,
1,4878,4878,2.3661973,0.485174759,1.2286,32,1.033695544,1.091180981,1.394527544,1.800451425,56,100,828,30,12.3
0,4136,4878,1.8857434,0.456044353,1.2489,,,,,,,,,,
1,4878,4878,2.4417294,0.500662169,0.839,910,1.304495113,1.735313314,1.923156832,1.800451425,47,90,842,29,12.6
1,4878,4878,2.3211351,0.475935022,0.8293,79,1.145245005,1.302131508,1.502089093,1.800451425,51,96,830,28,12.6
1,4878,4878,2.3492111,0.481691839,0.845,986,1.240496333,1.352476489,1.551309102,1.800451425,47,93,840,28,13.02
1,4878,4878,2.3739993,0.486774513,0.8473,276,1.525251759,1.636346958,1.822737457,1.800451425,47,88,792,28,11.48
1,4878,4878,2.3415094,0.480112651,0.8601,6,1.625230835,1.784176773,1.89016317,1.800451425,47,91,801,26,11.76
1,4878,4878,2.3486475,0.481576276,0.8627,99,1.535755758,1.583590353,1.830129461,1.800451425,50,87,805,29,11.89
1,4878,4878,2.3432313,0.480465717,0.866,153,1.664137303,1.775344279,1.951119081,1.800451425,47,90,818,27,11.48
0,4050,4878,1.8301214,0.45199343,1.3606,,,,,,,,,,
1,4878,4878,2.3346229,0.478700615,0.8619,762,1.354227203,1.648064696,1.913230028,1.800451425,54,93,833,27,12.3
1,4878,4878,2.3216576,0.476042157,0.8339,982,1.141622113,1.405552681,1.503718762,1.800451425,47,95,826,27,12.71
0,4050,4878,1.8415954,0.454827217,0.8907,,,,,,,,,,
0,4663,4878,2.2269592,0.477683226,0.8885,,,,,,,,,,
1,4878,4878,2.3492659,0.481703076,0.8661,902,1.602758584,1.743938984,1.873306662,1.800451425,46,83,807,27,11.48
0,4649,4878,2.2357304,0.481009122,0.8937,,,,,,,,,,
0,4655,4878,2.1538486,0.462795144,0.8336,,,,,,,,,,
0,4050,4878,1.7904447,0.442194295,0.8299,,,,,,,,,,
1,4878,4878,2.3235554,0.47643129,0.8692,846,1.203354725,1.350909335,1.39359344,1.800451425,54,93,833,29,12.6
1,4878,4878,2.2871542,0.468967439,0.8501,962,1.100066656,1.27858012,1.529648621,1.800451425,54,97,847,27,13.02
1,4878,4878,2.3325486,0.478275292,1.0872,881,1.16893575,1.720609217,1.902917482,1.800451425,54,95,832,30,12.6
1,4878,4878,2.4079172,0.493729178,0.8551,43,1.570918042,1.608408595,1.891673138,1.800451425,41,87,782,27,11.48
1,4878,4878,2.3360946,0.479002379,0.8731,928,1.626006868,1.815871721,1.902637518,1.800451425,41,85,804,28,11.89
1,4878,4878,2.3445129,0.480728501,0.8793,999,1.126195861,1.724920257,1.930230569,1.800451425,57,100,845,28,13.02
0,4412,4878,2.0278432,0.459724144,0.8296,,,,,,,,,,
1,4878,4878,2.2979021,0.471171232,0.8231,983,1.144125408,1.567771393,1.726343127,1.800451425,61,106,856,27,12.6
1,4878,4878,2.365348,0.485000615,0.882,412,1.484072129,1.681578716,1.861171827,1.800451425,42,85,816,29,12.18
1,4878,4878,2.3411438,0.480037687,0.8222,365,1.550220968,1.70055123,1.839612315,1.800451425,49,86,809,28,11.48
0,4050,4878,1.8580803,0.458898568,0.8662,,,,,,,,,,
1,4878,4878,2.3274167,0.477223026,1.0038,472,1.593912538,1.782391732,1.878060369,1.800451425,46,86,807,28,11.76
1,4878,4878,2.3148152,0.474639163,0.8536,573,1.585142278,1.667940652,1.849556326,1.800451425,45,86,828,29,11.76
1,4878,4878,2.3115712,0.473974,0.8524,91,1.599355616,1.758763856,1.905120137,1.800451425,54,92,790,27,11.76
0,4650,4878,2.1825607,0.469468854,0.9152,,,,,,,,,,
1,4878,4878,2.398073,0.491710683,0.8303,193,1.706588571,1.80924356,2.009276775,1.800451425,43,85,794,28,11.76
0,4050,4878,1.8173369,0.448835984,0.9082,,,,,,,,,,
1,4878,4878,2.4102507,0.494207648,0.8526,207,1.532334427,1.596833728,1.897331007,1.800451425,40,81,803,30,11.89
1,4878,4878,2.3477152,0.481385114,0.8484,72,1.601403838,1.669184395,1.919858514,1.800451425,56,91,803,26,12.18
1,4878,4878,2.3833833,0.488698647,0.8483,422,1.663675608,1.85368679,1.971590535,1.800451425,46,90,799,31,11.76
1,4878,4878,2.3320021,0.478163236,0.8696,969,1.23530914,1.660762643,1.810545925,1.800451425,48,88,837,30,12.3
1,4878,4878,2.3656309,0.485058622,0.8402,822,1.188067285,1.300302383,1.465609764,1.800451425,53,96,835,29,12.9
1,4878,4878,2.3254932,0.476828624,0.8481,983,1.015173702,1.238897348,1.471876901,1.800451425,49,96,850,27,13.02
1,4878,4878,2.3503514,0.481925651,0.9847,628,1.671474569,1.812728406,2.024077932,1.800451425,44,85,807,27,11.48
0,4414,4878,2.0879699,0.473140698,0.8811,,,,,,,,,,
1,4878,4878,2.3501728,0.48188903,0.8894,933,1.181100567,1.29274975,1.532036279,1.800451425,44,91,820,29,13.02
1,4878,4878,2.3904322,0.490143982,0.8469,675,1.131016877,1.388867391,1.541925204,1.800451425,48,94,830,30,12.71
1,4878,4878,2.3517389,0.48221015,0.9269,851,1.498880876,1.687857155,1.821595117,1.800451425,42,86,807,28,11.89
1,4878,4878,2.3876586,0.489575272,0.8475,296,1.608322879,1.776637089,1.942576648,1.800451425,46,87,806,29,11.48
1,4878,4878,2.3806763,0.488143592,0.8457,763,1.547622228,1.737717718,1.869984115,1.800451425,47,87,812,27,11.89
0,4310,4878,1.979364,0.459355767,0.8461,,,,,,,,,,
0,4050,4878,1.8444365,0.455528896,0.8477,,,,,,,,,,
1,4878,4878,2.3637541,0.484673795,0.8463,962,1.277129706,1.5031645,1.645729415,1.800451425,45,92,812,27,13.02
1,4878,4878,2.403117,0.492744925,0.8388,219,1.619288893,1.845044869,1.978973927,1.800451425,37,82,790,29,11.48
1,4878,4878,2.3638616,0.484695838,0.8781,129,1.601725376,1.695536063,1.89799634,1.800451425,45,88,809,27,11.48
0,4130,4878,1.9174057,0.464375321,0.9078,,,,,,,,,,
1,4878,4878,2.3621074,0.484336149,0.8428,797,1.555670759,1.665644508,1.89767478,1.800451425,49,88,801,28,11.48
1,4878,4878,2.3665275,0.485242465,0.8154,728,1.583617748,1.748233257,1.919742642,1.800451425,43,85,803,29,11.89
1,4878,4878,2.3401632,0.479836621,0.9336,45,1.138829594,1.362746601,1.467977381,1.800451425,50,98,837,28,12.3
1,4878,4878,2.2847756,0.468479721,0.8384,256,1.142695644,1.321056305,1.442153054,1.800451425,55,99,842,28,12.3
0,4050,4878,1.8168678,0.448720128,0.8775,,,,,,,,,,
1,4878,4878,2.4255431,0.497343264,0.8471,499,1.175806651,1.243215676,1.50427301,1.800451425,41,86,818,31,12.3
1,4878,4878,2.3686055,0.485668546,0.8422,768,1.070207183,1.288508653,1.435372835,1.800451425,49,97,833,28,13.02
1,4878,4878,2.3235835,0.476437051,0.8373,396,1.203214468,1.302020281,1.536866215,1.800451425,50,90,820,28,12.6
1,4878,4878,2.3665562,0.485248349,0.8612,39,1.677209967,1.736925096,1.92222299,1.800451425,51,88,809,28,11.48
0,4413,4878,2.0467096,0.463896102,0.8353,,,,,,,,,,
1,4878,4878,2.352871,0.48244228,0.8507,450,1.145595285,1.46583166,1.484595947,1.800451425,45,91,815,28,13.02
0,4411,4878,2.04161,0.462950113,0.9061,,,,,,,,,,
1,4878,4878,2.346405,0.481116465,0.8392,217,1.195180943,1.361864243,1.871010938,1.800451425,47,90,820,28,12.18
0,4410,4878,2.0448035,0.463779428,0.8654,,,,,,,,,,
1,4878,4878,2.3670072,0.485340824,1.054,139,1.13249368,1.408346292,1.487717329,1.800451425,47,94,854,28,12.6
0,4669,4878,2.2148129,0.474467202,0.9673,,,,,,,,,,
1,4878,4878,2.3782506,0.487646217,0.8396,144,1.579236124,1.674243715,1.882778226,1.800451425,41,85,818,29,11.48
1,4878,4878,2.3473632,0.481312938,0.9559,453,1.506416341,1.539837951,1.793825512,1.800451425,57,93,795,25,11.76
1,4878,4878,2.6261726,0.538481156,0.8835,993,1.185028165,1.443075385,1.548644597,1.800451425,52,96,836,29,13.44
0,4663,4878,2.3002679,0.493407958,0.9047,,,,,,,,,,
1,4878,4878,2.3835728,0.488737503,0.9254,587,1.140668928,1.384484182,1.540443989,1.800451425,56,98,826,29,12.6
1,4878,4878,2.3740016,0.486774985,0.8451,127,1.674323013,1.849827443,1.962655821,1.800451425,42,84,807,27,11.48
1,4878,4878,2.3474091,0.48132235,0.8672,263,1.215551886,1.337065133,1.548502123,1.800451425,47,95,836,29,13.02
1,4878,4878,2.3610978,0.484129137,0.8239,947,1.373701397,1.718643278,1.92883491,1.800451425,47,87,822,28,12.6
1,4878,4878,2.3650629,0.484942157,0.8564,999,1.32478532,1.853972863,1.994071515,1.800451425,53,93,836,30,13.02
1,4878,4878,2.3497564,0.48180365,0.8432,901,1.160267444,1.295022308,1.458279542,1.800451425,49,90,826,28,12.9
1,4878,4878,2.353639,0.482599754,0.9209,998,1.227290668,1.435930892,1.574924237,1.800451425,51,98,834,28,13.02
1,4878,4878,2.3617278,0.484258315,0.8247,46,1.651607616,1.838320026,1.955156375,1.800451425,40,86,805,28,11.48
1,4878,4878,2.3932716,0.490726184,0.8939,613,1.590481675,1.767652548,1.865846896,1.800451425,54,92,805,29,12.18
1,4878,4878,2.383958,0.488816486,0.8778,903,1.026604838,1.320893267,1.546190657,1.800451425,52,92,833,30,12.6
1,4878,4878,2.3713359,0.486228399,0.874,817,1.126135624,1.478875905,1.677160157,1.800451425,56,97,851,28,12.9
1,4878,4878,2.3703186,0.486019807,0.848,194,1.561693676,1.682705802,1.801967904,1.800451425,49,89,811,30,11.76
1,4878,4878,2.3110705,0.473871335,0.8616,223,1.648999353,1.86242186,1.917341157,1.800451425,49,88,815,25,11.89
0,4310,4878,2.0091111,0.466259248,0.9127,,,,,,,,,,
1,4878,4878,2.4064551,0.493429383,0.8877,774,1.642371443,1.753508943,1.94995296,1.800451425,46,90,801,29,12.18
0,4419,4878,2.081895,0.471230195,0.8265,,,,,,,,,,
1,4878,4878,2.3648529,0.484899098,0.8923,478,1.054191371,1.280319308,1.421319443,1.800451425,49,98,844,30,12.71
1,4878,4878,2.3530063,0.482470023,0.8374,645,1.538122866,1.715391286,1.786247168,1.800451425,41,85,804,29,11.6
1,4878,4878,2.3962365,0.491334119,1.1426,320,1.722044918,1.842590996,2.015813935,1.800451425,44,86,810,27,11.89
1,4878,4878,2.3464345,0.481122514,0.8813,924,1.09693262,1.448656509,1.567651842,1.800451425,53,93,844,29,13.02
1,4878,4878,2.38682,0.489403322,0.8786,533,1.596488092,1.650557517,1.884004245,1.800451425,45,86,811,26,11.48
1,4878,4878,2.3407558,0.47995813,0.8222,698,1.706214361,1.822932368,1.933595993,1.800451425,49,94,809,26,12.18
1,4878,4878,2.3561011,0.483104593,0.8469,305,1.044240822,1.214562361,1.448375468,1.800451425,43,86,831,29,12.3
1,4878,4878,2.3485827,0.48156299,0.8648,690,1.21715822,1.333958086,1.598898574,1.800451425,51,96,825,29,12.3
1,4878,4878,2.3272092,0.47718048,0.8791,983,1.152796869,1.347560132,1.47121973,1.800451425,48,90,823,28,12.6
1,4878,4878,2.358732,0.483644043,0.8628,697,1.427490823,1.537765706,1.87384459,1.800451425,45,91,814,28,11.48
1,4878,4878,2.3440927,0.480642342,0.9358,752,1.060557613,1.340190792,1.45566775,1.800451425,50,100,854,28,13.02
1,4878,4878,2.3342354,0.478621161,0.8505,763,1.613386177,1.69198778,1.881646764,1.800451425,52,92,817,28,12.6
1,4878,4878,2.3453492,0.480899979,0.85,91,1.713662004,1.787112217,1.991572598,1.800451425,41,88,802,27,11.48
0,4050,4878,1.7913598,0.442420301,0.8202,,,,,,,,,,
0,4310,4878,1.9580485,0.454409028,0.8665,,,,,,,,,,
1,4878,4878,2.3674849,0.485438774,0.8136,992,1.163925029,1.805504251,2.001442776,1.800451425,48,95,835,29,12.71
1,4878,4878,2.3517628,0.48221505,0.8438,126,1.621089937,1.738223319,1.88068045,1.800451425,45,91,819,26,11.2
1,4878,4878,2.3931978,0.490711052,0.8532,337,1.658908123,1.819837364,1.938402768,1.800451425,38,87,793,30,11.76
1,4878,4878,2.3484811,0.481542157,0.918,996,1.302729632,1.702832964,1.846133846,1.800451425,44,86,825,30,12.3
0,4666,4878,2.2099116,0.473721672,0.8762,,,,,,,,,,
1,4878,4878,2.3145873,0.474592434,0.8548,985,1.165055404,1.707287871,1.838142898,1.800451425,52,97,826,28,12.3
0,4650,4878,2.1924472,0.47159544,0.861,,,,,,,,,,
1,4878,4878,2.3137127,0.474413102,0.8567,587,1.20437451,1.348809907,1.563356048,1.800451425,45,90,837,27,13.02
1,4878,4878,2.2851738,0.46856137,1.0104,348,1.178395022,1.353692802,1.548568035,1.800451425,41,93,829,29,12.3
0,4659,4878,2.198825,0.472053456,0.8402,,,,,,,,,,
1,4878,4878,2.3237378,0.47646869,0.8381,941,1.046063382,1.159261456,1.485198953,1.800451425,48,94,840,27,12.3
1,4878,4878,2.3032297,0.472263625,0.8631,968,1.086858877,1.326508955,1.421365244,1.800451425,55,99,847,30,13.02
0,4666,4878,2.1664399,0.46440298,0.9048,,,,,,,,,,
1,4878,4878,2.3275974,0.477260078,1.1938,19,1.644199627,1.781020867,1.939014652,1.800451425,46,86,805,27,11.48
0,4050,4878,1.816979,0.448747592,0.8178,,,,,,,,,,
1,4878,4878,2.3361728,0.479018413,0.8459,525,1.210469434,1.379274424,1.487850572,1.800451425,45,89,840,27,12.6
0,4650,4878,2.1942254,0.471977931,0.8614,,,,,,,,,,
0,4668,4878,2.2257345,0.476909042,0.8564,,,,,,,,,,
1,4878,4878,2.2873447,0.4690065,0.8954,259,1.402043126,1.603449487,1.774276991,1.800451425,44,87,799,26,11.48
0,4412,4878,2.0471506,0.464101247,1.023,,,,,,,,,,
1,4878,4878,2.3242534,0.47657441,0.8399,994,1.259014686,1.422187777,1.619123027,1.800451425,53,95,824,27,12.6
1,4878,4878,2.3198041,0.475662108,0.8653,998,1.194230498,1.807596616,1.887147794,1.800451425,52,96,805,28,13.12
1,4878,4878,2.3356143,0.478903896,0.8151,245,1.621953301,1.773385824,1.93053848,1.800451425,41,85,801,28,11.89
1,4878,4878,2.3206758,0.475840845,0.8715,81,1.552944933,1.712815848,1.838501366,1.800451425,44,86,802,29,11.48
1,4878,4878,2.3249051,0.476708038,0.8639,476,1.122711043,1.27910423,1.543551429,1.800451425,45,89,835,28,12.6
0,4406,4878,2.0144275,0.457304767,0.8769,,,,,,,,,,
1,4878,4878,2.2645948,0.464341767,0.8862,698,1.611974578,1.762067351,1.912430283,1.800451425,43,85,796,27,11.89
1,4878,4878,2.3109403,0.473844638,0.8288,396,1.68060892,1.793301884,1.968939466,1.800451425,43,88,804,28,11.48
0,4659,4878,2.2244385,0.477552276,0.8792,,,,,,,,,,
1,4878,4878,2.3029884,0.472214148,0.8596,943,1.210314758,1.419848874,1.572828962,1.800451425,44,91,826,28,13.02
1,4878,4878,2.2901926,0.469590445,0.8524,426,1.120908996,1.415379181,1.491053065,1.800451425,57,98,834,29,13.02
0,4412,4878,2.0196335,0.457862956,0.8543,,,,,,,,,,
1,4878,4878,2.3601673,0.483938343,0.8859,467,1.703798437,1.833368666,1.992646421,1.800451425,41,86,808,30,11.89
1,4878,4878,2.3734189,0.486655505,0.8145,20,1.525880184,1.683292776,1.861672263,1.800451425,50,90,802,26,11.48
1,4878,4878,2.3533255,0.482535473,0.8474,974,1.151652955,1.327659769,1.558507242,1.800451425,47,94,830,29,13.02
1,4878,4878,2.3963453,0.491356428,0.8594,476,1.710104058,1.828790446,1.993769224,1.800451425,41,87,808,28,12.18
1,4878,4878,2.3779384,0.487582202,0.8551,510,1.762439725,1.909974219,1.988703104,1.800451425,52,88,805,27,11.89
1,4878,4878,2.3904061,0.49013863,0.8595,114,1.607641765,1.720531788,1.846707256,1.800451425,49,86,811,29,11.48
1,4878,4878,2.4230547,0.496833033,0.8421,646,1.621325253,1.674885447,1.89026049,1.800451425,44,83,793,29,11.89
1,4878,4878,2.3116995,0.474000308,0.8641,893,1.133669507,1.24523303,1.477461121,1.800451425,44,90,845,28,13.12
1,4878,4878,2.3091715,0.473481956,0.9413,984,1.192245604,1.566364582,1.753328967,1.800451425,52,96,836,30,12.6
1,4878,4878,2.3379527,0.479383371,0.8497,361,1.204907655,1.316352312,1.508168957,1.800451425,48,93,840,29,12.6
1,4878,4878,2.3780015,0.48759514,0.8469,235,1.647315937,1.792232485,1.914635273,1.800451425,42,85,810,28,11.48
1,4878,4878,2.3430473,0.480427989,0.8499,921,1.198180014,1.426801269,1.603627769,1.800451425,52,95,837,29,12.6
1,4878,4878,2.3130281,0.474272729,1.0046,514,1.139679877,1.354615767,1.503729939,1.800451425,52,98,830,28,12.6
1,4878,4878,2.3691969,0.485789809,0.8677,375,1.209822949,1.304490793,1.54236241,1.800451425,44,86,834,29,12.18
1,4878,4878,2.3717048,0.486304039,0.8935,999,1.30907231,1.677006783,1.881787309,1.800451425,48,93,831,28,12.6
1,4878,4878,2.3349272,0.47876301,0.9238,225,1.554701927,1.639178319,1.824653253,1.800451425,47,86,812,26,11.48
1,4878,4878,2.3659027,0.485114353,1.0408,140,1.54371062,1.596909364,1.815792684,1.800451425,51,88,807,27,11.48
1,4878,4878,2.3604093,0.483987964,0.9006,646,1.184369201,1.315118428,1.54036548,1.800451425,56,100,829,28,12.9
0,4050,4878,1.840652,0.454594221,0.8022,,,,,,,,,,
0,4404,4878,2.0478369,0.465100363,0.8657,,,,,,,,,,
1,4878,4878,2.3654585,0.485023273,0.836,420,1.112792297,1.197065608,1.3824187,1.800451425,53,97,838,28,13.02
1,4878,4878,2.3709919,0.486157863,0.9958,80,1.588088616,1.686196947,1.844946087,1.800451425,53,91,803,27,11.48
1,4878,4878,2.3477366,0.481389502,0.8358,990,1.151854335,1.310844723,1.547547127,1.800451425,51,95,827,29,13.33
0,4050,4878,1.8297657,0.451905582,0.8451,,,,,,,,,,
1,4878,4878,2.3439103,0.480604942,0.8505,19,1.688539434,1.889816387,1.994977569,1.800451425,43,85,809,25,11.48
1,4878,4878,2.3071112,0.473059504,0.8189,982,1.204252455,1.495132983,1.642798115,1.800451425,54,96,839,29,12.9
1,4878,4878,2.3582246,0.483540004,0.8747,268,1.243321768,1.585560243,1.613935945,1.800451425,44,85,826,28,13.02
1,4878,4878,2.3274459,0.477229014,0.9463,504,1.654483224,1.760233756,1.924266441,1.800451425,48,89,809,28,12.18
1,4878,4878,2.3445041,0.480726697,0.8734,257,1.085437537,1.355667163,1.63598415,1.800451425,54,101,837,27,12.6
1,4878,4878,2.3620091,0.484315993,0.8369,970,1.141148347,1.244982666,1.53925831,1.800451425,53,96,837,29,13.02
0,4310,4878,1.9954479,0.463088396,0.9003,,,,,,,,,,
1,4878,4878,2.3562792,0.483141111,0.8459,982,1.253011818,1.354406397,1.603282757,1.800451425,43,89,809,29,13.02
1,4878,4878,2.3143642,0.474546689,0.8268,463,1.15653901,1.212103988,1.491657227,1.800451425,59,100,850,28,13.33
1,4878,4878,2.3667108,0.485280049,0.8418,809,1.546576162,1.687907886,1.844658155,1.800451425,50,90,811,29,11.89
0,4413,4878,2.058488,0.46656573,0.8562,,,,,,,,,,
0,4310,4878,1.977791,0.458990717,1.308,,,,,,,,,,
1,4878,4878,2.3778647,0.48756709,0.8385,428,1.553121586,1.723593262,1.840337924,1.800451425,49,90,811,26,11.48
1,4878,4878,2.3450128,0.480831003,0.8905,984,1.149241725,1.561745309,1.643332897,1.800451425,57,98,818,29,13.02
1,4878,4878,2.3624386,0.48440406,0.8559,355,1.171414261,1.387329343,1.504118063,1.800451425,55,95,824,28,12.71
1,4878,4878,2.3559907,0.483081956,0.9026,396,1.086787512,1.220226929,1.481014808,1.800451425,51,97,821,27,12.3
0,4139,4878,1.9233908,0.464811696,0.8394,,,,,,,,,,
1,4878,4878,2.3537996,0.482632684,1.352,999,1.251128703,1.318338986,1.505378499,1.800451425,54,95,843,29,12.6
0,4412,4878,2.0301207,0.460240467,0.8905,,,,,,,,,,
1,4878,4878,2.3468992,0.481217798,0.959,706,1.028697805,1.25966045,1.402397087,1.800451425,57,101,839,28,13.33
1,4878,4878,2.3635672,0.484635473,0.9562,225,1.677974622,1.749983942,1.942045029,1.800451425,42,85,804,29,11.76
1,4878,4878,2.358296,0.483554644,1.0317,158,1.702288624,1.82558197,2.009217314,1.800451425,43,86,795,28,11.76
1,4878,4878,2.3322145,0.478206787,0.8339,712,1.618932999,1.762958889,1.847824272,1.800451425,42,89,806,27,11.48
0,4405,4878,2.0397388,0.463155949,0.9285,,,,,,,,,,
0,4669,4878,2.2440531,0.48073117,0.8377,,,,,,,,,,
0,4050,4878,1.8271506,0.451259718,0.8701,,,,,,,,,,
0,4411,4878,2.0471205,0.46419966,0.8541,,,,,,,,,,
1,4878,4878,2.3478411,0.481410929,0.8479,412,1.586855451,1.715329952,1.879346769,1.800451425,46,90,798,29,11.89
0,4050,4878,1.8162591,0.448569795,0.8421,,,,,,,,,,
1,4878,4878,2.3399818,0.479799426,1.1921,518,1.419573058,1.483321457,1.67090257,1.800451425,44,86,811,27,11.76
1,4878,4878,2.3690688,0.485763543,0.8742,571,1.142228301,1.260675541,1.535605625,1.800451425,53,97,842,27,12.6
0,4412,4878,2.0903703,0.473899411,0.8672,,,,,,,,,,
1,4878,4878,2.3508665,0.482031269,0.8612,378,1.760551734,1.852168348,1.993569999,1.800451425,39,87,811,29,11.89
1,4878,4878,2.3705401,0.486065225,0.8583,345,1.590011979,1.773467947,1.859997194,1.800451425,41,89,813,28,11.89
0,4663,4878,2.2500389,0.482633827,0.9263,,,,,,,,,,
1,4878,4878,2.3176469,0.475219787,0.8347,972,1.166741121,1.393230349,1.629435558,1.800451425,46,90,840,29,12.6
1,4878,4878,2.3889896,0.489848185,0.8348,226,1.649103394,1.786228238,1.936935892,1.800451425,41,83,797,29,11.2
1,4878,4878,2.3578264,0.483458356,0.8425,403,1.661458134,1.824152219,1.941629855,1.800451425,42,85,798,29,11.76
1,4878,4878,2.3834408,0.488710437,0.8713,72,1.654777589,1.869250238,1.981153953,1.800451425,51,90,805,29,11.48
1,4878,4878,2.3793873,0.487879291,0.8654,239,1.714424416,1.836513962,1.99454075,1.800451425,42,87,807,26,11.76
1,4878,4878,2.3862968,0.489296043,0.8464,344,1.628973226,1.788746301,1.906719709,1.800451425,51,91,801,26,11.48
1,4878,4878,2.3660353,0.485141542,0.9364,254,1.102534513,1.221755023,1.410724066,1.800451425,52,96,862,29,12.9
1,4878,4878,2.3543097,0.482737277,0.9589,709,1.293681047,1.771497957,1.960613693,1.800451425,42,83,829,30,12.6
1,4878,4878,2.3543077,0.482736867,0.8216,365,1.634212959,1.769342625,1.942843934,1.800451425,41,87,803,28,12.18
0,4661,4878,2.2045392,0.473077082,0.8703,,,,,,,,,,
1,4878,4878,2.3499673,0.481846894,0.8751,787,1.677653086,1.771680703,1.950941816,1.800451425,50,93,785,30,11.48
1,4878,4878,2.3280085,0.477344372,0.8507,486,1.621790909,1.783886168,1.914566636,1.800451425,44,86,796,28,11.89
1,4878,4878,2.3690422,0.485758089,0.8532,980,1.211141911,1.310517993,1.85893892,1.800451425,56,98,859,30,12.9
0,4653,4878,2.2022591,0.473400494,1.088,,,,,,,,,,
1,4878,4878,2.3658834,0.485110396,1.1394,390,1.618382296,1.799711233,1.925778103,1.800451425,52,90,803,27,11.48
1,4878,4878,2.3294542,0.477640804,0.9074,986,0.997900301,1.274152694,1.390438342,1.800451425,55,101,846,28,12.9
0,4662,4878,2.2438127,0.481401566,2.1574,,,,,,,,,,
1,4878,4878,2.3552377,0.482927558,0.8771,975,1.1208392,1.35498325,1.483932753,1.800451425,47,93,826,29,12.6
0,4405,4878,2.0128255,0.457044846,0.8989,,,,,,,,,,
1,4878,4878,2.3205602,0.475817142,0.8428,919,1.172606255,1.409800318,1.484942479,1.800451425,48,94,826,30,12.3
1,4878,4878,2.3436901,0.480559791,0.8921,986,1.202101083,1.556038786,1.72124704,1.800451425,42,88,830,28,12.71
1,4878,4878,2.3287898,0.477504572,1.0652,731,1.644128633,1.739640871,1.917801456,1.800451425,45,91,813,28,11.76
1,4878,4878,2.3591695,0.48373375,0.8375,205,1.630044707,1.740643887,1.880909049,1.800451425,41,87,800,28,11.2
1,4878,4878,2.3338056,0.478533033,0.831,556,1.557374356,1.651832541,1.844553547,1.800451425,42,86,815,28,11.76
1,4878,4878,2.3386655,0.479529526,0.8413,175,0.999596541,1.094062963,1.35925413,1.800451425,53,97,849,29,12.6
1,4878,4878,2.3361862,0.479021161,0.8276,457,1.099338708,1.278570525,1.477085528,1.800451425,49,89,830,30,12.6
1,4878,4878,2.3432012,0.480459545,0.8411,805,1.143532339,1.364665237,1.472554222,1.800451425,44,93,845,30,13.02
1,4878,4878,2.3548148,0.482840845,0.9185,260,1.555569531,1.693939606,1.830671625,1.800451425,49,87,815,29,11.89
1,4878,4878,2.3382209,0.479438364,0.8694,422,1.509022732,1.753730855,1.843406543,1.800451425,50,87,810,26,11.48
1,4878,4878,2.3769602,0.487381628,0.8392,240,1.632318107,1.781535888,1.990654077,1.800451425,42,87,797,28,11.89
1,4878,4878,2.3790181,0.487803588,0.8445,795,1.632385991,1.685939616,1.933472815,1.800451425,47,88,795,28,11.48
1,4878,4878,2.3491573,0.481680808,0.9379,998,1.25064161,1.727398636,1.922491832,1.800451425,52,97,857,28,12.6
1,4878,4878,2.3707474,0.48610773,0.9064,846,1.307705333,1.552871926,1.660823501,1.800451425,41,84,821,29,12.3
1,4878,4878,2.3260683,0.476946545,0.8489,989,1.156191843,1.597589365,1.777107596,1.800451425,55,100,856,27,12.9
1,4878,4878,2.2863725,0.468807156,0.8816,739,1.183200458,1.327966591,1.503917998,1.800451425,56,98,820,28,13.02
1,4878,4878,2.3244809,0.476621058,0.8771,65,1.20248816,1.332612912,1.480219563,1.800451425,47,89,839,29,12.18
1,4878,4878,2.293041,0.470174493,1.1574,179,1.658936213,1.809308363,1.893363929,1.800451425,55,92,812,28,11.76
1,4878,4878,2.3309959,0.47795692,0.8416,131,1.640182761,1.774208404,1.885026954,1.800451425,41,89,820,28,11.89
1,4878,4878,2.323173,0.476352881,0.86,999,1.216335101,1.530366999,1.62669065,1.800451425,42,87,831,27,13.02
1,4878,4878,2.3031774,0.472252901,0.8627,243,1.157374789,1.361204999,1.533870734,1.800451425,48,90,823,29,12.71
1,4878,4878,2.3166435,0.475014046,1.0442,970,1.115126209,1.40064238,1.503257886,1.800451425,50,95,827,28,13.02
1,4878,4878,2.3130522,0.474277671,0.879,44,1.617816884,1.727837787,1.892198172,1.800451425,43,86,806,28,11.48
1,4878,4878,2.3690897,0.485767829,0.9055,668,1.745064596,1.844471696,2.008735689,1.800451425,47,86,814,28,11.48
1,4878,4878,2.3512414,0.48210814,0.8904,331,1.510196078,1.646572524,1.818072273,1.800451425,65,99,789,27,12.18
1,4878,4878,2.309665,0.473583145,0.8984,131,1.217088031,1.544549708,1.64672549,1.800451425,47,91,827,27,12.6
1,4878,4878,2.351804,0.482223498,0.8455,230,1.711298397,1.807660393,2.012612414,1.800451425,48,91,813,28,12.18
1,4878,4878,2.3418224,0.48017683,0.9092,992,1.3210764,1.749393058,1.930743156,1.800451425,42,86,835,28,12.3
0,4139,4878,1.9332264,0.467188594,1.3999,,,,,,,,,,
1,4878,4878,2.3731848,0.486607505,0.8578,402,1.540230804,1.711583106,1.816236411,1.800451425,53,92,808,27,11.89
0,4415,4878,2.0717631,0.469361826,0.928,,,,,,,,,,
1,4878,4878,2.371606,0.486283781,0.8428,439,1.677672691,1.816392151,1.979528715,1.800451425,48,88,811,29,12.18
1,4878,4878,2.3304421,0.477843367,0.8977,287,1.245895032,1.418951769,1.555525293,1.800451425,52,96,834,28,13.02
1,4878,4878,2.347887,0.48142034,0.8519,81,1.794148683,1.828903276,2.077799559,1.800451425,47,86,798,28,11.76
0,4411,4878,2.0503967,0.464942562,0.8784,,,,,,,,,,
1,4878,4878,2.3843616,0.488899241,0.8419,999,1.193383423,1.790514147,1.948105102,1.800451425,43,91,815,28,13.02
1,4878,4878,2.3408281,0.479972955,0.8852,897,1.608056001,1.679697953,1.912902586,1.800451425,41,84,812,29,11.89
1,4878,4878,2.3706416,0.486086036,0.8535,997,1.298032632,1.621871306,1.728047248,1.800451425,44,87,837,28,12.6
0,4655,4878,2.1677402,0.465780017,1.0399,,,,,,,,,,
1,4878,4878,2.3716951,0.48630205,0.8654,685,1.668676044,1.885796585,1.958854053,1.800451425,40,86,793,27,11.89
0,4050,4878,1.8407126,0.454609187,0.8591,,,,,,,,,,
1,4878,4878,2.316323,0.474948329,0.9203,105,1.207841891,1.511433101,1.541586094,1.800451425,49,91,841,29,12.6
1,4878,4878,2.3837648,0.488776871,0.8784,919,1.237749994,1.49220837,1.599194387,1.800451425,43,88,822,29,12.6
1,4878,4878,2.3755463,0.487091716,0.9004,53,1.587167413,1.717925504,1.937799052,1.800451425,42,86,796,28,11.48
1,4878,4878,2.3513851,0.482137605,0.8372,650,1.692840104,1.739255038,1.933558308,1.800451425,41,86,805,28,11.76
0,4663,4878,2.2216844,0.47655178,1.0504,,,,,,,,,,
0,4419,4878,2.0561296,0.46539828,0.8519,,,,,,,,,,
1,4878,4878,2.3626363,0.484444597,0.8593,227,1.539370689,1.67847125,1.829392602,1.800451425,54,93,805,27,11.48
0,4050,4878,1.8446075,0.455571129,0.8464,,,,,,,,,,
0,4656,4878,2.2122644,0.475244769,0.826,,,,,,,,,,
1,4878,4878,2.4145588,0.495090999,0.847,537,1.530951676,1.603026435,1.669587617,1.800451425,61,98,809,26,12.04
1,4878,4878,2.3472131,0.481282161,0.8323,37,1.204120958,1.33671213,1.651464555,1.800451425,41,87,826,28,12.71
1,4878,4878,2.3555889,0.482999569,0.8605,802,1.172434931,1.303819228,1.52170392,1.800451425,44,88,807,30,12.71
1,4878,4878,2.3475728,0.481355916,0.8994,992,1.134595502,1.36742946,1.473878529,1.800451425,53,96,851,30,13.02
0,4407,4878,2.0689523,0.469576101,0.8561,,,,,,,,,,
0,4416,4878,2.0240903,0.458457599,0.8808,,,,,,,,,,
1,4878,4878,2.3575791,0.483407648,0.8374,332,1.089009341,1.175222645,1.408745823,1.800451425,49,95,832,29,12.3
0,4673,4878,2.2720715,0.486316674,0.9951,,,,,,,,,,
1,4878,4878,2.3509057,0.482039307,0.8442,748,1.689955229,1.846499171,1.931333674,1.800451425,51,91,803,28,12.6
1,4878,4878,2.361233,0.484156859,0.9431,87,1.063047051,1.161462569,1.380295469,1.800451425,48,92,835,29,12.3
0,4660,4878,2.2186194,0.476200773,0.9509,,,,,,,,,,
1,4878,4878,2.3583156,0.483558663,0.8911,998,1.398317711,1.583745216,1.849905134,1.800451425,49,88,833,27,12.71
0,4653,4878,2.2198305,0.477177666,0.8636,,,,,,,,,,
1,4878,4878,2.3639676,0.484717572,0.8405,999,1.365721214,1.696105553,1.798689301,1.800451425,54,95,854,27,13.33
0,4410,4878,2.0795299,0.471655682,0.9128,,,,,,,,,,
1,4878,4878,2.3786299,0.48772399,0.8355,807,1.551399378,1.6977482,1.889628956,1.800451425,48,83,804,29,11.76
0,4656,4878,2.2051012,0.473705951,0.9437,,,,,,,,,,
1,4878,4878,2.2814382,0.467795407,0.8781,105,1.446213609,1.605965186,1.727979066,1.800451425,45,91,793,25,11.48
1,4878,4878,2.3802905,0.488064486,0.9803,990,1.285654262,1.450611954,1.651430669,1.800451425,47,91,823,29,12.71
0,4050,4878,1.8148822,0.448229736,0.9023,,,,,,,,,,
1,4878,4878,2.3792497,0.487851076,0.8454,998,1.399947707,1.724701692,1.944895102,1.800451425,40,85,826,28,12.3
1,4878,4878,2.3233609,0.476391409,0.8662,361,1.257047905,1.433578735,1.606380248,1.800451425,50,92,832,27,12.3
1,4878,4878,2.3483014,0.481505311,0.8383,311,1.528595146,1.70969498,1.829677125,1.800451425,62,101,797,26,12.18
1,4878,4878,2.3217905,0.476069407,0.8738,871,1.055245395,1.226137781,1.396880632,1.800451425,56,99,844,29,12.6
1,4878,4878,2.341753,0.4801626,0.8721,738,1.187880085,1.374401128,1.546270174,1.800451425,52,99,831,28,12.3
0,4657,4878,2.2115444,0.474988058,0.9309,,,,,,,,,,
1,4878,4878,2.3749379,0.486966967,0.8669,329,1.585392371,1.716945447,1.869936934,1.800451425,42,84,817,29,12.18
0,4413,4878,2.0541504,0.465582593,0.8718,,,,,,,,,,
1,4878,4878,2.3367975,0.479146504,0.8589,373,1.611813934,1.733572962,1.86955341,1.800451425,44,88,816,29,12.18
1,4878,4878,2.3281257,0.477368403,0.895,361,1.096197614,1.139648797,1.472435158,1.800451425,49,92,819,31,12.3
1,4878,4878,2.3381347,0.479420689,0.8829,343,1.224800265,1.389359074,1.571498651,1.800451425,46,89,834,30,12.6
1,4878,4878,2.3481513,0.481474534,0.8585,949,1.118465837,1.377824804,1.519092373,1.800451425,52,98,835,29,13.02
1,4878,4878,2.4384413,0.499987964,1.2928,986,1.246696115,1.610283947,1.827432922,1.800451425,44,89,836,28,12.3
0,4672,4878,2.2351731,0.478521323,0.8589,,,,,,,,,,
1,4878,4878,2.4020894,0.492534222,0.8716,169,1.732900477,1.846680015,2.011721678,1.800451425,39,85,812,28,11.89
1,4878,4878,2.3718653,0.486336949,0.8156,972,1.137258161,1.341575351,1.500655962,1.800451425,52,98,836,30,12.6
1,4878,4878,2.3791122,0.487822883,0.9431,587,1.63692615,1.772152531,1.915409231,1.800451425,47,90,806,28,11.89
1,4878,4878,2.3940717,0.49089024,1.1068,690,1.601786356,1.759340847,1.867269053,1.800451425,46,88,810,27,11.89
0,4663,4878,2.2641995,0.485671278,0.867,,,,,,,,,,
0,4050,4878,1.8341706,0.45299348,0.8659,,,,,,,,,,
1,4878,4878,2.3645896,0.48484511,0.9512,961,1.09756377,1.239135143,1.488912983,1.800451425,46,88,844,28,13.02
,,,,,,,,,,,,,,,
381,,,,,,,,,,,,,,,
0.722763865,361,,,,,,,,,,,,,,
0.797240981,398,,,,,,,,,,,,,,
,,,,,,,,,,,,,,,
Median,4878,,2.3445085,0.481234929,0.86295,523,1.307705333,1.636346958,1.822834416,,,,,,
Min,4050,,1.7904447,0.442194295,0.7824,3,0.997900301,1.091180981,1.35925413,,,,,,
Max,4878,,2.7001519,0.553650174,2.1574,999,1.807241446,1.909974219,2.077799559,,,,,,
Mean,4764.854,,2.285935776,0.479448107,0.901357,546.5984252,1.378587901,1.56857828,1.739726992,,,,,,
Stdev,231.044298,,0.151110201,0.011361647,0.14272361,341.5210387,0.233291232,0.211482892,0.198742854,,,,,,
Conf,20.2515535,,,,,,,,,,,,,,
Lo,4744.602446,,,,,,,,,,,,,,
Hi,4785.105554,,,,,,,,,,,,,,
